timestamp,open,high,low,close,volume
2025-05-30 17:00:00+00:00,2539.63,2558.62,2538.97,2546.4,56019.53
2025-05-30 17:30:00+00:00,2546.4,2553.48,2538.33,2548.72,45341.85
2025-05-30 18:00:00+00:00,2548.72,2576.37,2546.76,2572.7,86491.39
2025-05-30 18:30:00+00:00,2572.7,2578.08,2566.19,2577.06,42573.37
2025-05-30 19:00:00+00:00,2577.06,2584.15,2573.1,2579.68,26424.43
2025-05-30 19:30:00+00:00,2579.68,2580.87,2571.2,2573.56,21537.21
2025-05-30 20:00:00+00:00,2573.56,2577.81,2564.09,2571.72,21339.12
2025-05-30 20:30:00+00:00,2571.72,2588.99,2568.15,2576.48,61694.78
2025-05-30 21:00:00+00:00,2576.48,2585.46,2575.45,2580.58,13175.53
2025-05-30 21:30:00+00:00,2580.58,2584.15,2560.27,2568.01,32968.03
2025-05-30 22:00:00+00:00,2568.01,2572.27,2544.48,2547.18,61999.97
2025-05-30 22:30:00+00:00,2547.18,2553.04,2522.01,2525.75,150387.74
2025-05-30 23:00:00+00:00,2525.75,2535.49,2505.7,2518.58,118096.06
2025-05-30 23:30:00+00:00,2518.58,2532.98,2506.95,2530.11,58108.74
2025-05-31 00:00:00+00:00,2530.11,2539.41,2501.27,2514.72,104793.23
2025-05-31 00:30:00+00:00,2514.72,2534.53,2514.72,2518.91,27791.25
2025-05-31 01:00:00+00:00,2518.91,2527.28,2503.32,2508.08,47782.42
2025-05-31 01:30:00+00:00,2508.08,2513.34,2473.08,2492.23,153939.68
2025-05-31 02:00:00+00:00,2492.23,2515.99,2484.31,2504.05,70557.59
2025-05-31 02:30:00+00:00,2504.05,2504.32,2484.01,2489.35,42485.12
2025-05-31 03:00:00+00:00,2489.35,2504.38,2483.78,2503.53,34230.31
2025-05-31 03:30:00+00:00,2503.53,2515.53,2499.04,2512.98,25164.52
2025-05-31 04:00:00+00:00,2512.98,2525.8,2503.5,2518.42,32942.15
2025-05-31 04:30:00+00:00,2518.42,2523.98,2516.16,2521.6,18633.18
2025-05-31 05:00:00+00:00,2521.6,2525.54,2512.72,2517.09,19470.78
2025-05-31 05:30:00+00:00,2517.09,2521.93,2510.46,2511.29,14023.13
2025-05-31 06:00:00+00:00,2511.29,2521.4,2510.78,2518.8,13886.62
2025-05-31 06:30:00+00:00,2518.8,2525.49,2515.62,2520.61,19376.5
2025-05-31 07:00:00+00:00,2520.61,2522.56,2513.57,2518.58,8510.66
2025-05-31 07:30:00+00:00,2518.58,2524.71,2517.73,2520.16,11397.89
2025-05-31 08:00:00+00:00,2520.16,2525.0,2515.63,2519.58,15176.16
2025-05-31 08:30:00+00:00,2519.58,2529.29,2514.79,2523.42,19222.28
2025-05-31 09:00:00+00:00,2523.42,2528.43,2516.2,2518.4,11499.08
2025-05-31 09:30:00+00:00,2518.4,2523.33,2517.17,2522.22,7777.74
2025-05-31 10:00:00+00:00,2522.22,2537.72,2518.9,2521.45,38472.31
2025-05-31 10:30:00+00:00,2521.45,2523.38,2506.65,2518.89,26810.4
2025-05-31 11:00:00+00:00,2518.89,2520.7,2508.37,2516.02,15620.31
2025-05-31 11:30:00+00:00,2516.02,2519.92,2511.83,2518.53,11256.07
2025-05-31 12:00:00+00:00,2518.53,2533.0,2515.01,2524.87,28573.57
2025-05-31 12:30:00+00:00,2524.87,2537.4,2524.26,2536.48,26218.48
2025-05-31 13:00:00+00:00,2536.48,2546.4,2528.89,2534.01,89404.43
2025-05-31 13:30:00+00:00,2534.01,2538.45,2525.0,2531.56,23113.53
2025-05-31 14:00:00+00:00,2531.56,2543.6,2530.01,2537.65,25173.78
2025-05-31 14:30:00+00:00,2537.65,2542.63,2535.18,2540.91,19535.49
2025-05-31 15:00:00+00:00,2540.91,2549.43,2533.06,2545.82,36098.92
2025-05-31 15:30:00+00:00,2545.82,2547.4,2530.98,2534.89,27650.63
2025-05-31 16:00:00+00:00,2534.89,2545.46,2531.55,2542.39,16121.19
2025-05-31 16:30:00+00:00,2542.39,2546.84,2535.0,2539.5,15744.4
2025-05-31 17:00:00+00:00,2539.5,2540.4,2533.32,2533.94,8403.14
2025-05-31 17:30:00+00:00,2533.94,2536.85,2521.21,2526.04,38449.52
2025-05-31 18:00:00+00:00,2526.04,2541.55,2524.43,2536.36,15422.19
2025-05-31 18:30:00+00:00,2536.36,2539.95,2533.69,2538.49,9578.07
2025-05-31 19:00:00+00:00,2538.49,2541.8,2536.12,2539.99,13426.82
2025-05-31 19:30:00+00:00,2539.99,2541.36,2534.75,2535.93,8488.24
2025-05-31 20:00:00+00:00,2535.93,2539.59,2530.0,2538.31,12783.47
2025-05-31 20:30:00+00:00,2538.31,2541.16,2537.15,2540.9,5747.29
2025-05-31 21:00:00+00:00,2540.9,2551.71,2537.22,2542.84,39950.91
2025-05-31 21:30:00+00:00,2542.84,2545.69,2538.22,2541.91,10726.09
2025-05-31 22:00:00+00:00,2541.91,2543.97,2534.5,2535.23,11698.01
2025-05-31 22:30:00+00:00,2535.23,2537.91,2528.64,2528.95,22391.52
2025-05-31 23:00:00+00:00,2528.95,2547.63,2522.2,2533.01,45192.86
2025-05-31 23:30:00+00:00,2533.01,2535.22,2525.26,2526.79,8269.42
2025-06-01 00:00:00+00:00,2526.79,2527.39,2512.87,2516.19,48922.8
2025-06-01 00:30:00+00:00,2516.19,2524.82,2512.91,2524.41,29807.24
2025-06-01 01:00:00+00:00,2524.41,2529.0,2516.42,2521.77,17057.21
2025-06-01 01:30:00+00:00,2521.77,2524.6,2490.7,2506.03,71217.75
2025-06-01 02:00:00+00:00,2506.03,2508.28,2492.03,2505.95,43347.16
2025-06-01 02:30:00+00:00,2505.95,2512.34,2504.32,2505.67,15001.69
2025-06-01 03:00:00+00:00,2505.67,2507.61,2490.15,2501.0,29458.59
2025-06-01 03:30:00+00:00,2501.0,2517.56,2501.0,2512.12,28078.18
2025-06-01 04:00:00+00:00,2512.12,2515.54,2510.35,2514.83,5946.23
2025-06-01 04:30:00+00:00,2514.83,2526.46,2514.82,2520.99,20739.31
2025-06-01 05:00:00+00:00,2520.99,2526.36,2516.15,2518.63,9223.75
2025-06-01 05:30:00+00:00,2518.63,2521.25,2514.42,2517.59,7303.61
2025-06-01 06:00:00+00:00,2517.59,2518.29,2508.01,2512.21,13882.86
2025-06-01 06:30:00+00:00,2512.21,2517.9,2509.78,2511.06,11530.13
2025-06-01 07:00:00+00:00,2511.06,2514.46,2505.74,2511.16,12017.98
2025-06-01 07:30:00+00:00,2511.16,2511.68,2504.09,2507.62,12490.19
2025-06-01 08:00:00+00:00,2507.62,2509.6,2497.16,2501.18,20925.5
2025-06-01 08:30:00+00:00,2501.18,2507.49,2498.51,2504.28,15181.58
2025-06-01 09:00:00+00:00,2504.28,2509.4,2490.46,2492.78,38615.19
2025-06-01 09:30:00+00:00,2492.78,2493.0,2476.0,2490.75,63521.73
2025-06-01 10:00:00+00:00,2490.75,2495.45,2485.19,2493.19,16371.81
2025-06-01 10:30:00+00:00,2493.19,2493.87,2485.65,2492.51,14004.79
2025-06-01 11:00:00+00:00,2492.51,2500.96,2489.74,2498.44,17906.87
2025-06-01 11:30:00+00:00,2498.44,2501.8,2494.55,2496.28,12988.04
2025-06-01 12:00:00+00:00,2496.28,2500.47,2488.44,2492.0,18785.08
2025-06-01 12:30:00+00:00,2492.0,2492.79,2466.6,2483.08,75128.04
2025-06-01 13:00:00+00:00,2483.08,2495.65,2479.09,2489.85,23379.28
2025-06-01 13:30:00+00:00,2489.85,2497.93,2489.01,2492.7,28030.48
2025-06-01 14:00:00+00:00,2492.7,2514.0,2492.7,2511.0,41678.64
2025-06-01 14:30:00+00:00,2511.0,2517.67,2507.22,2508.02,38998.51
2025-06-01 15:00:00+00:00,2508.02,2519.0,2502.54,2517.03,31208.47
2025-06-01 15:30:00+00:00,2517.03,2524.29,2514.34,2522.29,49206.73
2025-06-01 16:00:00+00:00,2522.29,2541.64,2519.97,2535.79,77211.13
2025-06-01 16:30:00+00:00,2535.79,2546.88,2530.9,2537.79,39256.78
2025-06-01 17:00:00+00:00,2537.79,2543.3,2533.0,2543.3,14852.91
2025-06-01 17:30:00+00:00,2543.3,2546.45,2535.99,2538.01,17480.88
2025-06-01 18:00:00+00:00,2538.01,2538.25,2511.54,2515.1,73735.16
2025-06-01 18:30:00+00:00,2515.1,2522.49,2490.45,2518.94,106901.31
2025-06-01 19:00:00+00:00,2518.94,2526.01,2509.32,2517.57,40994.24
2025-06-01 19:30:00+00:00,2517.57,2525.91,2515.57,2525.01,18606.39
2025-06-01 20:00:00+00:00,2525.01,2527.52,2518.0,2525.95,10442.43
2025-06-01 20:30:00+00:00,2525.95,2536.08,2522.92,2524.67,32374.97
2025-06-01 21:00:00+00:00,2524.67,2535.29,2523.45,2531.99,13825.49
2025-06-01 21:30:00+00:00,2531.99,2540.01,2530.17,2538.39,22345.26
2025-06-01 22:00:00+00:00,2538.39,2546.93,2534.5,2535.97,33324.24
2025-06-01 22:30:00+00:00,2535.97,2539.25,2531.5,2534.31,12495.02
2025-06-01 23:00:00+00:00,2534.31,2544.54,2533.44,2537.13,15396.3
2025-06-01 23:30:00+00:00,2537.13,2541.66,2532.22,2538.25,20879.25
2025-06-02 00:00:00+00:00,2538.25,2539.97,2527.23,2529.74,25885.71
2025-06-02 00:30:00+00:00,2529.74,2533.9,2525.5,2533.56,20656.87
2025-06-02 01:00:00+00:00,2533.56,2541.1,2528.38,2530.01,25383.38
2025-06-02 01:30:00+00:00,2530.01,2531.51,2523.72,2525.31,15127.24
2025-06-02 02:00:00+00:00,2525.31,2526.81,2512.55,2518.62,35859.45
2025-06-02 02:30:00+00:00,2518.62,2522.26,2505.44,2507.7,24675.25
2025-06-02 03:00:00+00:00,2507.7,2509.4,2484.11,2492.87,62609.05
2025-06-02 03:30:00+00:00,2492.87,2501.86,2488.51,2494.94,32701.06
2025-06-02 04:00:00+00:00,2494.94,2500.68,2491.49,2495.27,14433.61
2025-06-02 04:30:00+00:00,2495.27,2500.34,2486.13,2491.2,25745.38
2025-06-02 05:00:00+00:00,2491.2,2496.13,2485.1,2493.45,22166.71
2025-06-02 05:30:00+00:00,2493.45,2493.7,2482.02,2491.39,21178.95
2025-06-02 06:00:00+00:00,2491.39,2499.12,2483.31,2493.29,32445.32
2025-06-02 06:30:00+00:00,2493.29,2498.91,2487.01,2493.83,21498.21
2025-06-02 07:00:00+00:00,2493.83,2512.86,2493.3,2501.96,44644.2
2025-06-02 07:30:00+00:00,2501.96,2507.83,2498.51,2505.68,24463.81
2025-06-02 08:00:00+00:00,2505.68,2513.8,2502.29,2512.05,21224.01
2025-06-02 08:30:00+00:00,2512.05,2515.0,2488.52,2493.18,46843.5
2025-06-02 09:00:00+00:00,2493.18,2493.6,2476.08,2482.29,70605.81
2025-06-02 09:30:00+00:00,2482.29,2488.69,2473.29,2480.21,49143.27
2025-06-02 10:00:00+00:00,2480.21,2488.8,2475.0,2481.49,55481.32
2025-06-02 10:30:00+00:00,2481.49,2484.72,2475.64,2481.15,18855.43
2025-06-02 11:00:00+00:00,2481.15,2487.94,2477.0,2481.85,22588.01
2025-06-02 11:30:00+00:00,2481.85,2485.4,2473.74,2480.02,25542.98
2025-06-02 12:00:00+00:00,2480.02,2484.67,2476.93,2482.91,20345.34
2025-06-02 12:30:00+00:00,2482.91,2497.94,2481.62,2496.93,42022.59
2025-06-02 13:00:00+00:00,2496.93,2501.91,2486.71,2499.22,34686.99
2025-06-02 13:30:00+00:00,2499.22,2519.52,2495.25,2504.1,103592.19
2025-06-02 14:00:00+00:00,2504.1,2542.17,2494.57,2530.4,128189.75
2025-06-02 14:30:00+00:00,2530.4,2536.85,2517.1,2530.72,68025.75
2025-06-02 15:00:00+00:00,2530.72,2556.61,2522.23,2538.7,91557.49
2025-06-02 15:30:00+00:00,2538.7,2547.21,2532.76,2543.78,52319.67
2025-06-02 16:00:00+00:00,2543.78,2545.32,2528.86,2533.3,43989.29
2025-06-02 16:30:00+00:00,2533.3,2553.97,2530.84,2546.1,50767.94
2025-06-02 17:00:00+00:00,2546.1,2552.42,2538.19,2543.66,41566.29
2025-06-02 17:30:00+00:00,2543.66,2552.55,2537.9,2548.9,22784.1
2025-06-02 18:00:00+00:00,2548.9,2565.57,2543.52,2556.22,61991.91
2025-06-02 18:30:00+00:00,2556.22,2556.9,2536.3,2543.56,47942.23
2025-06-02 19:00:00+00:00,2543.56,2548.25,2532.52,2536.99,33060.15
2025-06-02 19:30:00+00:00,2536.99,2537.59,2523.35,2531.02,48220.4
2025-06-02 20:00:00+00:00,2531.02,2547.34,2530.67,2541.01,42698.22
2025-06-02 20:30:00+00:00,2541.01,2542.68,2534.46,2538.73,17986.67
2025-06-02 21:00:00+00:00,2538.73,2546.9,2538.31,2545.26,16191.39
2025-06-02 21:30:00+00:00,2545.26,2561.14,2542.61,2559.19,44455.61
2025-06-02 22:00:00+00:00,2559.19,2583.54,2558.72,2579.78,66325.67
2025-06-02 22:30:00+00:00,2579.78,2585.28,2573.34,2583.87,33726.12
2025-06-02 23:00:00+00:00,2583.87,2608.66,2581.66,2606.32,100788.69
2025-06-02 23:30:00+00:00,2606.32,2614.59,2600.01,2606.95,54436.69
2025-06-03 00:00:00+00:00,2606.95,2623.0,2600.56,2614.64,68893.91
2025-06-03 00:30:00+00:00,2614.64,2626.0,2614.22,2621.21,41480.34
2025-06-03 01:00:00+00:00,2621.21,2628.93,2616.23,2625.0,40074.19
2025-06-03 01:30:00+00:00,2625.0,2649.84,2624.72,2645.28,69698.67
2025-06-03 02:00:00+00:00,2645.28,2647.39,2628.44,2630.56,74540.36
2025-06-03 02:30:00+00:00,2630.56,2634.33,2612.19,2614.85,83074.46
2025-06-03 03:00:00+00:00,2614.85,2619.05,2591.26,2594.51,81639.19
2025-06-03 03:30:00+00:00,2594.51,2605.58,2587.56,2602.33,41750.32
2025-06-03 04:00:00+00:00,2602.33,2603.97,2591.71,2597.52,20594.91
2025-06-03 04:30:00+00:00,2597.52,2599.65,2588.68,2591.0,19088.38
2025-06-03 05:00:00+00:00,2591.0,2603.51,2590.79,2602.59,18929.53
2025-06-03 05:30:00+00:00,2602.59,2616.4,2600.54,2613.31,31404.88
2025-06-03 06:00:00+00:00,2613.31,2613.72,2603.36,2605.37,17809.38
2025-06-03 06:30:00+00:00,2605.37,2617.71,2603.69,2617.45,18114.87
2025-06-03 07:00:00+00:00,2617.45,2619.99,2606.47,2609.27,27503.38
2025-06-03 07:30:00+00:00,2609.27,2615.3,2606.58,2608.73,18384.51
2025-06-03 08:00:00+00:00,2608.73,2610.3,2593.28,2603.67,46159.17
2025-06-03 08:30:00+00:00,2603.67,2608.0,2594.59,2605.79,28868.75
2025-06-03 09:00:00+00:00,2605.79,2607.66,2599.51,2600.53,19111.5
2025-06-03 09:30:00+00:00,2600.53,2618.04,2599.78,2613.09,41072.66
2025-06-03 10:00:00+00:00,2613.09,2618.19,2610.65,2615.78,33243.89
2025-06-03 10:30:00+00:00,2615.78,2619.5,2608.95,2610.5,17872.07
2025-06-03 11:00:00+00:00,2610.5,2616.0,2604.51,2607.49,15651.95
2025-06-03 11:30:00+00:00,2607.49,2609.75,2599.34,2600.51,17652.64
2025-06-03 12:00:00+00:00,2600.51,2607.67,2596.39,2605.91,41045.47
2025-06-03 12:30:00+00:00,2605.91,2612.2,2602.08,2608.8,19372.85
2025-06-03 13:00:00+00:00,2608.8,2626.42,2608.8,2620.31,57398.27
2025-06-03 13:30:00+00:00,2620.31,2631.9,2605.72,2625.57,109782.46
2025-06-03 14:00:00+00:00,2625.57,2637.56,2612.3,2631.89,63254.43
2025-06-03 14:30:00+00:00,2631.89,2655.0,2625.35,2647.26,107849.0
2025-06-03 15:00:00+00:00,2647.26,2650.95,2633.06,2641.21,81603.76
2025-06-03 15:30:00+00:00,2641.21,2642.91,2614.79,2622.67,73966.11
2025-06-03 16:00:00+00:00,2622.67,2624.07,2607.05,2609.09,46680.3
2025-06-03 16:30:00+00:00,2609.09,2617.84,2602.19,2604.1,47824.15
2025-06-03 17:00:00+00:00,2604.1,2626.42,2601.1,2622.25,46479.37
2025-06-03 17:30:00+00:00,2622.25,2623.2,2613.04,2617.9,19553.23
2025-06-03 18:00:00+00:00,2617.9,2618.33,2605.37,2612.49,30073.02
2025-06-03 18:30:00+00:00,2612.49,2619.3,2609.04,2617.01,15791.17
2025-06-03 19:00:00+00:00,2617.01,2627.71,2617.0,2625.0,23879.74
2025-06-03 19:30:00+00:00,2625.0,2625.0,2613.45,2623.62,40911.64
2025-06-03 20:00:00+00:00,2623.62,2624.49,2601.94,2602.72,36952.31
2025-06-03 20:30:00+00:00,2602.72,2618.83,2592.42,2613.85,67506.68
2025-06-03 21:00:00+00:00,2613.85,2615.59,2599.38,2610.48,43910.72
2025-06-03 21:30:00+00:00,2610.48,2614.4,2575.04,2587.52,87073.48
2025-06-03 22:00:00+00:00,2587.52,2599.8,2585.0,2599.48,31182.82
2025-06-03 22:30:00+00:00,2599.48,2609.23,2597.49,2603.26,16872.49
2025-06-03 23:00:00+00:00,2603.26,2603.56,2589.14,2592.24,17074.75
2025-06-03 23:30:00+00:00,2592.24,2596.4,2584.48,2591.89,14114.38
2025-06-04 00:00:00+00:00,2591.89,2601.84,2589.6,2593.34,15860.25
2025-06-04 00:30:00+00:00,2593.34,2598.7,2581.78,2597.62,26822.04
2025-06-04 01:00:00+00:00,2597.62,2620.94,2597.0,2614.42,57862.91
2025-06-04 01:30:00+00:00,2614.42,2615.0,2603.76,2611.2,42854.16
2025-06-04 02:00:00+00:00,2611.2,2619.47,2609.81,2613.28,14456.01
2025-06-04 02:30:00+00:00,2613.28,2614.99,2608.72,2610.83,8825.89
2025-06-04 03:00:00+00:00,2610.83,2639.99,2608.15,2633.32,73389.92
2025-06-04 03:30:00+00:00,2633.32,2640.0,2625.43,2626.96,33715.55
2025-06-04 04:00:00+00:00,2626.96,2632.7,2622.09,2628.39,24642.94
2025-06-04 04:30:00+00:00,2628.39,2637.18,2621.61,2636.42,35991.47
2025-06-04 05:00:00+00:00,2636.42,2643.94,2619.03,2621.28,59652.41
2025-06-04 05:30:00+00:00,2621.28,2628.92,2618.5,2623.69,19793.03
2025-06-04 06:00:00+00:00,2623.69,2630.08,2620.35,2624.99,13121.29
2025-06-04 06:30:00+00:00,2624.99,2633.86,2621.88,2628.74,15043.02
2025-06-04 07:00:00+00:00,2628.74,2633.5,2621.63,2626.12,14309.43
2025-06-04 07:30:00+00:00,2626.12,2628.5,2622.57,2626.44,10993.31
2025-06-04 08:00:00+00:00,2626.44,2645.86,2626.44,2638.51,48879.67
2025-06-04 08:30:00+00:00,2638.51,2642.61,2638.15,2639.86,20517.92
2025-06-04 09:00:00+00:00,2639.86,2643.8,2629.91,2635.32,49887.93
2025-06-04 09:30:00+00:00,2635.32,2647.82,2630.44,2642.37,30979.75
2025-06-04 10:00:00+00:00,2642.37,2649.76,2637.19,2638.2,42091.06
2025-06-04 10:30:00+00:00,2638.2,2639.99,2633.75,2637.43,15964.47
2025-06-04 11:00:00+00:00,2637.43,2643.99,2628.0,2631.88,28747.42
2025-06-04 11:30:00+00:00,2631.88,2631.89,2622.61,2623.58,35834.36
2025-06-04 12:00:00+00:00,2623.58,2637.5,2614.21,2618.51,83096.21
2025-06-04 12:30:00+00:00,2618.51,2627.42,2613.33,2616.19,49678.61
2025-06-04 13:00:00+00:00,2616.19,2620.47,2605.97,2613.24,52531.59
2025-06-04 13:30:00+00:00,2613.24,2627.79,2612.3,2613.9,45439.6
2025-06-04 14:00:00+00:00,2613.9,2617.13,2593.0,2612.37,160557.32
2025-06-04 14:30:00+00:00,2612.37,2640.96,2610.0,2639.5,68646.14
2025-06-04 15:00:00+00:00,2639.5,2660.13,2633.1,2648.61,148257.51
2025-06-04 15:30:00+00:00,2648.61,2679.0,2641.81,2666.67,188596.55
2025-06-04 16:00:00+00:00,2666.67,2667.99,2648.14,2649.4,88781.5
2025-06-04 16:30:00+00:00,2649.4,2659.75,2648.15,2658.99,37989.22
2025-06-04 17:00:00+00:00,2658.99,2659.19,2641.19,2641.49,33602.44
2025-06-04 17:30:00+00:00,2641.49,2641.49,2630.36,2634.5,71036.18
2025-06-04 18:00:00+00:00,2634.5,2641.52,2632.11,2635.3,22813.37
2025-06-04 18:30:00+00:00,2635.3,2639.08,2623.89,2628.03,71070.35
2025-06-04 19:00:00+00:00,2628.03,2630.72,2621.37,2623.06,42199.48
2025-06-04 19:30:00+00:00,2623.06,2632.21,2620.0,2622.31,35525.29
2025-06-04 20:00:00+00:00,2622.31,2624.06,2598.71,2611.99,113132.0
2025-06-04 20:30:00+00:00,2611.99,2613.5,2597.19,2604.55,61962.43
2025-06-04 21:00:00+00:00,2604.55,2613.0,2598.38,2609.0,37334.24
2025-06-04 21:30:00+00:00,2609.0,2622.59,2607.0,2617.99,33628.13
2025-06-04 22:00:00+00:00,2617.99,2620.41,2603.8,2606.11,25425.8
2025-06-04 22:30:00+00:00,2606.11,2612.49,2602.34,2604.24,14483.89
2025-06-04 23:00:00+00:00,2604.24,2615.48,2597.89,2605.11,34384.22
2025-06-04 23:30:00+00:00,2605.11,2611.22,2602.13,2606.7,14715.51
2025-06-05 00:00:00+00:00,2606.7,2611.7,2600.03,2607.31,15390.87
2025-06-05 00:30:00+00:00,2607.31,2613.53,2602.89,2610.64,19183.27
2025-06-05 01:00:00+00:00,2610.64,2614.73,2605.24,2607.94,15364.47
2025-06-05 01:30:00+00:00,2607.94,2609.05,2602.8,2607.8,15588.18
2025-06-05 02:00:00+00:00,2607.8,2619.0,2607.79,2612.08,19561.1
2025-06-05 02:30:00+00:00,2612.08,2628.91,2612.08,2618.82,67173.82
2025-06-05 03:00:00+00:00,2618.82,2627.0,2616.09,2622.5,10661.61
2025-06-05 03:30:00+00:00,2622.5,2631.78,2620.1,2623.9,22325.18
2025-06-05 04:00:00+00:00,2623.9,2630.99,2620.3,2627.3,18070.39
2025-06-05 04:30:00+00:00,2627.3,2633.79,2626.29,2629.68,18269.67
2025-06-05 05:00:00+00:00,2629.68,2630.6,2619.0,2620.5,25985.86
2025-06-05 05:30:00+00:00,2620.5,2620.94,2606.62,2611.58,68134.82
2025-06-05 06:00:00+00:00,2611.58,2616.9,2604.21,2616.08,49046.33
2025-06-05 06:30:00+00:00,2616.08,2616.99,2600.64,2603.15,52781.04
2025-06-05 07:00:00+00:00,2603.15,2614.39,2603.15,2611.49,25057.93
2025-06-05 07:30:00+00:00,2611.49,2611.86,2598.89,2602.63,35515.75
2025-06-05 08:00:00+00:00,2602.63,2609.38,2595.42,2607.4,28714.06
2025-06-05 08:30:00+00:00,2607.4,2608.98,2600.3,2604.04,14918.16
2025-06-05 09:00:00+00:00,2604.04,2609.11,2601.0,2604.12,15302.41
2025-06-05 09:30:00+00:00,2604.12,2610.27,2601.82,2608.71,11429.32
2025-06-05 10:00:00+00:00,2608.71,2612.67,2600.11,2601.48,22502.58
2025-06-05 10:30:00+00:00,2601.48,2604.55,2578.64,2595.82,139659.23
2025-06-05 11:00:00+00:00,2595.82,2604.55,2591.96,2603.0,39649.08
2025-06-05 11:30:00+00:00,2603.0,2609.33,2602.69,2607.12,22138.41
2025-06-05 12:00:00+00:00,2607.12,2628.75,2604.83,2625.63,79751.02
2025-06-05 12:30:00+00:00,2625.63,2640.95,2619.0,2631.2,97307.25
2025-06-05 13:00:00+00:00,2631.2,2635.24,2619.49,2628.7,65549.31
2025-06-05 13:30:00+00:00,2628.7,2630.34,2576.16,2588.41,199327.24
2025-06-05 14:00:00+00:00,2588.41,2593.98,2560.72,2581.0,180702.15
2025-06-05 14:30:00+00:00,2581.0,2616.11,2569.69,2586.61,184498.86
2025-06-05 15:00:00+00:00,2586.61,2601.05,2580.51,2599.0,74413.36
2025-06-05 15:30:00+00:00,2599.0,2600.46,2586.68,2588.16,38578.38
2025-06-05 16:00:00+00:00,2588.16,2590.62,2555.0,2563.36,133437.84
2025-06-05 16:30:00+00:00,2563.36,2571.49,2551.35,2558.24,131685.49
2025-06-05 17:00:00+00:00,2558.24,2576.58,2557.48,2571.21,74774.25
2025-06-05 17:30:00+00:00,2571.21,2574.08,2562.22,2569.11,27755.32
2025-06-05 18:00:00+00:00,2569.11,2578.14,2552.11,2576.77,61655.04
2025-06-05 18:30:00+00:00,2576.77,2583.76,2571.4,2575.1,67320.65
2025-06-05 19:00:00+00:00,2575.1,2577.6,2503.67,2539.11,327611.14
2025-06-05 19:30:00+00:00,2539.11,2549.99,2524.58,2527.5,96994.89
2025-06-05 20:00:00+00:00,2527.5,2534.19,2436.56,2472.0,365965.91
2025-06-05 20:30:00+00:00,2472.0,2473.65,2392.09,2397.83,332385.64
2025-06-05 21:00:00+00:00,2397.83,2429.01,2390.28,2418.39,143907.32
2025-06-05 21:30:00+00:00,2418.39,2447.39,2413.3,2436.29,108654.86
2025-06-05 22:00:00+00:00,2436.29,2436.29,2408.45,2417.02,71814.96
2025-06-05 22:30:00+00:00,2417.02,2435.1,2415.87,2429.14,35485.19
2025-06-05 23:00:00+00:00,2429.14,2435.21,2417.45,2420.87,34090.46
2025-06-05 23:30:00+00:00,2420.87,2425.28,2410.24,2413.12,34409.85
2025-06-06 00:00:00+00:00,2413.12,2416.54,2380.41,2408.55,132229.2
2025-06-06 00:30:00+00:00,2408.55,2427.98,2407.81,2425.36,55716.6
2025-06-06 01:00:00+00:00,2425.36,2428.0,2416.08,2421.77,27757.67
2025-06-06 01:30:00+00:00,2421.77,2427.67,2415.0,2420.23,34549.06
2025-06-06 02:00:00+00:00,2420.23,2423.5,2401.74,2405.54,34497.54
2025-06-06 02:30:00+00:00,2405.54,2435.65,2400.84,2434.27,63544.93
2025-06-06 03:00:00+00:00,2434.27,2444.34,2426.92,2442.53,52905.46
2025-06-06 03:30:00+00:00,2442.53,2456.0,2440.26,2454.66,35909.09
2025-06-06 04:00:00+00:00,2454.66,2457.62,2445.94,2449.92,37405.69
2025-06-06 04:30:00+00:00,2449.92,2463.0,2447.6,2458.06,37420.45
2025-06-06 05:00:00+00:00,2458.06,2464.93,2447.0,2449.84,53346.91
2025-06-06 05:30:00+00:00,2449.84,2461.34,2445.47,2459.18,22067.61
2025-06-06 06:00:00+00:00,2459.18,2467.79,2449.13,2456.57,41863.84
2025-06-06 06:30:00+00:00,2456.57,2462.79,2455.6,2456.78,21845.9
2025-06-06 07:00:00+00:00,2456.78,2466.0,2456.09,2461.93,21935.71
2025-06-06 07:30:00+00:00,2461.93,2462.03,2449.59,2454.12,36974.95
2025-06-06 08:00:00+00:00,2454.12,2465.0,2452.57,2462.19,26876.39
2025-06-06 08:30:00+00:00,2462.19,2465.0,2456.1,2460.19,20866.95
2025-06-06 09:00:00+00:00,2460.19,2481.64,2458.38,2472.6,60592.51
2025-06-06 09:30:00+00:00,2472.6,2475.91,2466.8,2467.5,25030.37
2025-06-06 10:00:00+00:00,2467.5,2486.56,2467.29,2480.01,42229.53
2025-06-06 10:30:00+00:00,2480.01,2485.0,2476.21,2480.7,22051.51
2025-06-06 11:00:00+00:00,2480.7,2493.86,2479.0,2483.11,39384.38
2025-06-06 11:30:00+00:00,2483.11,2483.92,2471.16,2475.24,48191.74
2025-06-06 12:00:00+00:00,2475.24,2479.73,2472.24,2477.76,29224.61
2025-06-06 12:30:00+00:00,2477.76,2499.88,2463.49,2474.25,170999.11
2025-06-06 13:00:00+00:00,2474.25,2487.88,2474.18,2481.48,54437.37
2025-06-06 13:30:00+00:00,2481.48,2520.35,2479.19,2501.76,170107.73
2025-06-06 14:00:00+00:00,2501.76,2513.34,2492.91,2505.95,57895.95
2025-06-06 14:30:00+00:00,2505.95,2523.45,2500.0,2517.43,66487.26
2025-06-06 15:00:00+00:00,2517.43,2530.59,2504.2,2506.77,135802.16
2025-06-06 15:30:00+00:00,2506.77,2511.01,2493.95,2508.15,62339.47
2025-06-06 16:00:00+00:00,2508.15,2516.73,2502.1,2506.28,53624.68
2025-06-06 16:30:00+00:00,2506.28,2512.31,2490.01,2495.99,43838.87
2025-06-06 17:00:00+00:00,2495.99,2497.66,2482.36,2487.85,54224.64
2025-06-06 17:30:00+00:00,2487.85,2500.67,2481.77,2498.28,47905.99
2025-06-06 18:00:00+00:00,2498.28,2502.78,2487.18,2488.88,22446.37
2025-06-06 18:30:00+00:00,2488.88,2496.24,2487.68,2493.75,20994.18
2025-06-06 19:00:00+00:00,2493.75,2501.25,2487.93,2488.22,21668.72
2025-06-06 19:30:00+00:00,2488.22,2494.45,2482.09,2482.81,22016.89
2025-06-06 20:00:00+00:00,2482.81,2495.69,2480.46,2493.54,27249.08
2025-06-06 20:30:00+00:00,2493.54,2505.9,2491.93,2498.49,28806.71
2025-06-06 21:00:00+00:00,2498.49,2499.09,2485.68,2489.69,26568.41
2025-06-06 21:30:00+00:00,2489.69,2497.92,2489.02,2490.33,16963.5
2025-06-06 22:00:00+00:00,2490.33,2492.18,2481.0,2487.45,18998.01
2025-06-06 22:30:00+00:00,2487.45,2487.45,2476.09,2481.22,32373.85
2025-06-06 23:00:00+00:00,2481.22,2481.99,2470.66,2477.52,24607.52
2025-06-06 23:30:00+00:00,2477.52,2480.88,2473.47,2475.14,10685.51
2025-06-07 00:00:00+00:00,2475.14,2476.8,2455.43,2465.7,70527.49
2025-06-07 00:30:00+00:00,2465.7,2481.4,2465.0,2479.57,27293.5
2025-06-07 01:00:00+00:00,2479.57,2480.1,2469.68,2469.68,16928.2
2025-06-07 01:30:00+00:00,2469.68,2473.72,2465.0,2469.94,13983.81
2025-06-07 02:00:00+00:00,2469.94,2474.4,2466.23,2472.21,10074.91
2025-06-07 02:30:00+00:00,2472.21,2480.7,2469.37,2478.61,15860.79
2025-06-07 03:00:00+00:00,2478.61,2491.82,2476.0,2489.08,35705.43
2025-06-07 03:30:00+00:00,2489.08,2492.9,2485.35,2488.1,20577.8
2025-06-07 04:00:00+00:00,2488.1,2488.77,2481.57,2483.0,23927.19
2025-06-07 04:30:00+00:00,2483.0,2489.36,2479.16,2488.8,13010.8
2025-06-07 05:00:00+00:00,2488.8,2489.64,2484.13,2488.01,10925.13
2025-06-07 05:30:00+00:00,2488.01,2495.57,2485.76,2492.93,18160.85
2025-06-07 06:00:00+00:00,2492.93,2493.39,2482.95,2483.4,15222.85
2025-06-07 06:30:00+00:00,2483.4,2500.8,2483.4,2500.48,24328.08
2025-06-07 07:00:00+00:00,2500.48,2501.0,2485.93,2490.66,41205.44
2025-06-07 07:30:00+00:00,2490.66,2494.69,2487.36,2489.9,11819.37
2025-06-07 08:00:00+00:00,2489.9,2490.98,2483.5,2487.73,13367.98
2025-06-07 08:30:00+00:00,2487.73,2488.14,2480.76,2482.67,10809.23
2025-06-07 09:00:00+00:00,2482.67,2489.84,2482.02,2487.72,11939.07
2025-06-07 09:30:00+00:00,2487.72,2488.41,2483.31,2484.81,9047.98
2025-06-07 10:00:00+00:00,2484.81,2494.81,2482.92,2493.32,20003.11
2025-06-07 10:30:00+00:00,2493.32,2495.52,2486.84,2493.66,16971.52
2025-06-07 11:00:00+00:00,2493.66,2499.25,2491.33,2495.71,16584.84
2025-06-07 11:30:00+00:00,2495.71,2500.51,2491.42,2494.12,21960.58
2025-06-07 12:00:00+00:00,2494.12,2497.5,2491.93,2497.06,6714.72
2025-06-07 12:30:00+00:00,2497.06,2506.28,2495.0,2496.22,46635.28
2025-06-07 13:00:00+00:00,2496.22,2508.93,2491.02,2503.94,35815.96
2025-06-07 13:30:00+00:00,2503.94,2514.09,2501.07,2506.0,33900.63
2025-06-07 14:00:00+00:00,2506.0,2512.0,2503.58,2506.97,19201.43
2025-06-07 14:30:00+00:00,2506.97,2517.0,2506.76,2514.82,22225.46
2025-06-07 15:00:00+00:00,2514.82,2523.0,2514.44,2516.52,42782.34
2025-06-07 15:30:00+00:00,2516.52,2519.36,2511.46,2518.48,19821.09
2025-06-07 16:00:00+00:00,2518.48,2524.88,2514.76,2516.0,22647.4
2025-06-07 16:30:00+00:00,2516.0,2516.4,2506.74,2508.9,33494.99
2025-06-07 17:00:00+00:00,2508.9,2512.84,2506.33,2510.81,13414.46
2025-06-07 17:30:00+00:00,2510.81,2512.3,2505.26,2506.39,14364.1
2025-06-07 18:00:00+00:00,2506.39,2522.66,2505.66,2519.79,22604.24
2025-06-07 18:30:00+00:00,2519.79,2521.79,2509.69,2515.42,22403.68
2025-06-07 19:00:00+00:00,2515.42,2522.5,2515.1,2521.4,6051.77
2025-06-07 19:30:00+00:00,2521.4,2522.3,2514.82,2515.53,28024.37
2025-06-07 20:00:00+00:00,2515.53,2524.49,2515.53,2522.1,33264.08
2025-06-07 20:30:00+00:00,2522.1,2522.12,2517.21,2520.52,10060.68
2025-06-07 21:00:00+00:00,2520.52,2521.26,2516.5,2518.74,11283.63
2025-06-07 21:30:00+00:00,2518.74,2522.16,2517.92,2520.88,6514.65
2025-06-07 22:00:00+00:00,2520.88,2522.69,2517.88,2522.47,5813.25
2025-06-07 22:30:00+00:00,2522.47,2544.91,2520.81,2534.14,79460.58
2025-06-07 23:00:00+00:00,2534.14,2534.72,2523.1,2524.75,19660.84
2025-06-07 23:30:00+00:00,2524.75,2527.78,2520.26,2523.34,16828.66
2025-06-08 00:00:00+00:00,2523.34,2523.84,2515.3,2519.43,17876.88
2025-06-08 00:30:00+00:00,2519.43,2524.71,2512.26,2516.19,12694.23
2025-06-08 01:00:00+00:00,2516.19,2516.19,2509.0,2511.73,24621.15
2025-06-08 01:30:00+00:00,2511.73,2520.73,2510.2,2517.37,12272.65
2025-06-08 02:00:00+00:00,2517.37,2517.69,2510.75,2512.37,7230.89
2025-06-08 02:30:00+00:00,2512.37,2515.2,2510.03,2510.63,4478.04
2025-06-08 03:00:00+00:00,2510.63,2511.2,2506.22,2509.17,13379.01
2025-06-08 03:30:00+00:00,2509.17,2513.65,2508.98,2510.31,4631.0
2025-06-08 04:00:00+00:00,2510.31,2511.34,2506.89,2510.51,4428.85
2025-06-08 04:30:00+00:00,2510.51,2518.77,2510.5,2514.91,11483.57
2025-06-08 05:00:00+00:00,2514.91,2515.4,2509.62,2513.84,9799.06
2025-06-08 05:30:00+00:00,2513.84,2514.69,2507.25,2510.23,10759.62
2025-06-08 06:00:00+00:00,2510.23,2515.87,2509.68,2512.88,12438.94
2025-06-08 06:30:00+00:00,2512.88,2516.27,2511.37,2511.43,4827.45
2025-06-08 07:00:00+00:00,2511.43,2514.69,2510.87,2513.53,6533.49
2025-06-08 07:30:00+00:00,2513.53,2515.27,2509.6,2513.51,7487.06
2025-06-08 08:00:00+00:00,2513.51,2520.93,2513.51,2514.2,16328.83
2025-06-08 08:30:00+00:00,2514.2,2517.92,2514.0,2515.33,7553.27
2025-06-08 09:00:00+00:00,2515.33,2516.27,2485.81,2498.16,74403.1
2025-06-08 09:30:00+00:00,2498.16,2500.81,2494.0,2496.19,25821.64
2025-06-08 10:00:00+00:00,2496.19,2497.76,2490.59,2492.31,20303.11
2025-06-08 10:30:00+00:00,2492.31,2502.91,2492.31,2501.77,23303.91
2025-06-08 11:00:00+00:00,2501.77,2514.75,2501.6,2509.93,34997.01
2025-06-08 11:30:00+00:00,2509.93,2515.51,2508.34,2512.19,20495.19
2025-06-08 12:00:00+00:00,2512.19,2513.21,2505.02,2507.08,13470.04
2025-06-08 12:30:00+00:00,2507.08,2509.8,2498.71,2506.58,21383.19
2025-06-08 13:00:00+00:00,2506.58,2508.94,2504.34,2508.64,9420.56
2025-06-08 13:30:00+00:00,2508.64,2527.21,2505.55,2507.49,49242.61
2025-06-08 14:00:00+00:00,2507.49,2515.36,2502.3,2508.61,21427.75
2025-06-08 14:30:00+00:00,2508.61,2514.01,2505.0,2513.19,11962.28
2025-06-08 15:00:00+00:00,2513.19,2520.6,2512.0,2515.0,29131.63
2025-06-08 15:30:00+00:00,2515.0,2515.0,2510.28,2513.18,11759.75
2025-06-08 16:00:00+00:00,2513.18,2525.0,2511.26,2520.47,29746.63
2025-06-08 16:30:00+00:00,2520.47,2528.81,2520.0,2526.71,23495.6
2025-06-08 17:00:00+00:00,2526.71,2533.5,2523.1,2526.29,30071.18
2025-06-08 17:30:00+00:00,2526.29,2529.8,2521.1,2521.84,13555.58
2025-06-08 18:00:00+00:00,2521.84,2532.0,2517.32,2529.51,23458.82
2025-06-08 18:30:00+00:00,2529.51,2531.36,2525.48,2530.8,8304.16
2025-06-08 19:00:00+00:00,2530.8,2539.37,2530.51,2534.23,28931.48
2025-06-08 19:30:00+00:00,2534.23,2534.6,2527.43,2531.16,10863.69
2025-06-08 20:00:00+00:00,2531.16,2536.4,2528.0,2533.63,8913.93
2025-06-08 20:30:00+00:00,2533.63,2534.22,2527.79,2529.58,8690.89
2025-06-08 21:00:00+00:00,2529.58,2535.96,2529.58,2533.02,10176.38
2025-06-08 21:30:00+00:00,2533.02,2547.5,2530.6,2537.17,29772.57
2025-06-08 22:00:00+00:00,2537.17,2538.98,2513.55,2517.19,68520.86
2025-06-08 22:30:00+00:00,2517.19,2519.59,2498.81,2506.64,105375.02
2025-06-08 23:00:00+00:00,2506.64,2512.36,2499.4,2507.58,29490.86
2025-06-08 23:30:00+00:00,2507.58,2511.28,2504.35,2508.17,8783.09
2025-06-09 00:00:00+00:00,2508.17,2510.85,2498.25,2505.23,25208.01
2025-06-09 00:30:00+00:00,2505.23,2509.93,2491.52,2504.1,33689.31
2025-06-09 01:00:00+00:00,2504.1,2504.31,2494.27,2502.86,33521.67
2025-06-09 01:30:00+00:00,2502.86,2503.97,2489.86,2493.75,14667.23
2025-06-09 02:00:00+00:00,2493.75,2503.87,2490.63,2499.0,20532.77
2025-06-09 02:30:00+00:00,2499.0,2499.32,2488.05,2491.62,39128.52
2025-06-09 03:00:00+00:00,2491.62,2492.95,2480.0,2488.25,43026.77
2025-06-09 03:30:00+00:00,2488.25,2496.71,2485.3,2495.43,22149.06
2025-06-09 04:00:00+00:00,2495.43,2495.87,2488.4,2489.69,10440.98
2025-06-09 04:30:00+00:00,2489.69,2490.76,2482.68,2484.01,16927.42
2025-06-09 05:00:00+00:00,2484.01,2490.54,2480.25,2485.19,22093.89
2025-06-09 05:30:00+00:00,2485.19,2485.19,2476.22,2479.41,29264.66
2025-06-09 06:00:00+00:00,2479.41,2486.33,2476.38,2485.16,18009.11
2025-06-09 06:30:00+00:00,2485.16,2492.74,2485.0,2492.24,11568.24
2025-06-09 07:00:00+00:00,2492.24,2492.24,2482.0,2484.31,13792.45
2025-06-09 07:30:00+00:00,2484.31,2491.41,2484.3,2490.89,10820.55
2025-06-09 08:00:00+00:00,2490.89,2496.35,2483.29,2485.97,21243.25
2025-06-09 08:30:00+00:00,2485.97,2496.13,2483.76,2494.28,17353.89
2025-06-09 09:00:00+00:00,2494.28,2498.02,2490.0,2497.5,17135.03
2025-06-09 09:30:00+00:00,2497.5,2523.16,2496.4,2508.26,101317.43
2025-06-09 10:00:00+00:00,2508.26,2534.94,2507.91,2531.16,87346.32
2025-06-09 10:30:00+00:00,2531.16,2541.17,2527.73,2534.32,61889.97
2025-06-09 11:00:00+00:00,2534.32,2540.0,2528.72,2538.61,44196.48
2025-06-09 11:30:00+00:00,2538.61,2546.8,2533.26,2541.22,102408.1
2025-06-09 12:00:00+00:00,2541.22,2541.53,2532.84,2536.0,23631.77
2025-06-09 12:30:00+00:00,2536.0,2547.88,2536.0,2544.39,41827.49
2025-06-09 13:00:00+00:00,2544.39,2546.08,2535.01,2535.53,26611.2
2025-06-09 13:30:00+00:00,2535.53,2541.5,2508.48,2516.01,121252.08
2025-06-09 14:00:00+00:00,2516.01,2533.79,2512.55,2529.56,59964.47
2025-06-09 14:30:00+00:00,2529.56,2538.7,2525.3,2529.62,53900.3
2025-06-09 15:00:00+00:00,2529.62,2542.0,2528.45,2539.99,51462.24
2025-06-09 15:30:00+00:00,2539.99,2541.77,2532.09,2532.71,25342.19
2025-06-09 16:00:00+00:00,2532.71,2571.79,2532.51,2566.01,120593.81
2025-06-09 16:30:00+00:00,2566.01,2572.34,2555.63,2556.94,58177.59
2025-06-09 17:00:00+00:00,2556.94,2574.99,2554.11,2566.4,47039.17
2025-06-09 17:30:00+00:00,2566.4,2575.88,2559.85,2570.22,50572.9
2025-06-09 18:00:00+00:00,2570.22,2578.19,2566.21,2576.53,35363.99
2025-06-09 18:30:00+00:00,2576.53,2585.58,2571.12,2583.35,43962.9
2025-06-09 19:00:00+00:00,2583.35,2588.36,2576.94,2585.31,28051.51
2025-06-09 19:30:00+00:00,2585.31,2589.47,2571.01,2579.52,43936.07
2025-06-09 20:00:00+00:00,2579.52,2583.28,2574.69,2579.57,17249.65
2025-06-09 20:30:00+00:00,2579.57,2592.0,2578.65,2588.1,28385.01
2025-06-09 21:00:00+00:00,2588.1,2640.55,2588.1,2637.77,195998.06
2025-06-09 21:30:00+00:00,2637.77,2649.98,2626.07,2642.99,114937.73
2025-06-09 22:00:00+00:00,2642.99,2666.0,2641.2,2660.35,98389.76
2025-06-09 22:30:00+00:00,2660.35,2669.29,2651.68,2665.16,70028.15
2025-06-09 23:00:00+00:00,2665.16,2667.63,2656.29,2661.94,37128.34
2025-06-09 23:30:00+00:00,2661.94,2693.86,2660.99,2679.32,96362.93
2025-06-10 00:00:00+00:00,2679.32,2719.84,2676.79,2716.92,142042.8
2025-06-10 00:30:00+00:00,2716.92,2726.64,2693.9,2698.39,97475.89
2025-06-10 01:00:00+00:00,2698.39,2713.93,2695.55,2710.81,56338.76
2025-06-10 01:30:00+00:00,2710.81,2714.6,2702.61,2707.93,25864.37
2025-06-10 02:00:00+00:00,2707.93,2709.31,2676.36,2685.67,83022.01
2025-06-10 02:30:00+00:00,2685.67,2698.42,2682.69,2691.48,31780.05
2025-06-10 03:00:00+00:00,2691.48,2693.09,2673.88,2680.62,41211.63
2025-06-10 03:30:00+00:00,2680.62,2693.48,2675.45,2688.3,35016.39
2025-06-10 04:00:00+00:00,2688.3,2691.7,2683.97,2686.38,19741.04
2025-06-10 04:30:00+00:00,2686.38,2691.0,2684.97,2688.3,19396.76
2025-06-10 05:00:00+00:00,2688.3,2699.01,2672.19,2675.01,63941.93
2025-06-10 05:30:00+00:00,2675.01,2681.67,2663.31,2669.22,67543.75
2025-06-10 06:00:00+00:00,2669.22,2669.61,2653.0,2667.15,44340.85
2025-06-10 06:30:00+00:00,2667.15,2680.07,2662.63,2674.66,43066.69
2025-06-10 07:00:00+00:00,2674.66,2683.12,2665.12,2681.68,48903.73
2025-06-10 07:30:00+00:00,2681.68,2684.11,2667.88,2676.33,29623.87
2025-06-10 08:00:00+00:00,2676.33,2683.0,2668.25,2673.14,30790.22
2025-06-10 08:30:00+00:00,2673.14,2681.65,2671.75,2672.71,22004.4
2025-06-10 09:00:00+00:00,2672.71,2685.17,2671.5,2681.69,28150.11
2025-06-10 09:30:00+00:00,2681.69,2692.58,2681.69,2691.6,32774.08
2025-06-10 10:00:00+00:00,2691.6,2697.05,2688.0,2689.85,27665.43
2025-06-10 10:30:00+00:00,2689.85,2694.6,2680.0,2694.37,24131.85
2025-06-10 11:00:00+00:00,2694.37,2762.88,2687.7,2759.63,273442.74
2025-06-10 11:30:00+00:00,2759.63,2799.73,2753.93,2773.47,263891.1
2025-06-10 12:00:00+00:00,2773.47,2778.93,2746.2,2754.61,107636.52
2025-06-10 12:30:00+00:00,2754.61,2775.62,2751.0,2764.84,66516.2
2025-06-10 13:00:00+00:00,2764.84,2778.16,2755.33,2755.8,61524.78
2025-06-10 13:30:00+00:00,2755.8,2761.92,2716.47,2743.02,210292.86
2025-06-10 14:00:00+00:00,2743.02,2753.18,2726.05,2741.41,62466.92
2025-06-10 14:30:00+00:00,2741.41,2744.6,2728.73,2735.24,56150.27
2025-06-10 15:00:00+00:00,2735.24,2753.81,2730.59,2732.11,59873.18
2025-06-10 15:30:00+00:00,2732.11,2736.2,2685.91,2732.0,186135.18
2025-06-10 16:00:00+00:00,2732.0,2747.99,2727.56,2742.57,75810.81
2025-06-10 16:30:00+00:00,2742.57,2743.14,2728.5,2730.12,33091.26
2025-06-10 17:00:00+00:00,2730.12,2753.0,2730.12,2738.29,34853.1
2025-06-10 17:30:00+00:00,2738.29,2747.03,2733.37,2740.19,30339.57
2025-06-10 18:00:00+00:00,2740.19,2750.27,2730.23,2748.11,32890.07
2025-06-10 18:30:00+00:00,2748.11,2764.86,2733.5,2753.39,94498.35
2025-06-10 19:00:00+00:00,2753.39,2779.9,2753.17,2777.37,67780.48
2025-06-10 19:30:00+00:00,2777.37,2806.65,2755.43,2773.03,183376.43
2025-06-10 20:00:00+00:00,2773.03,2775.0,2751.52,2759.09,50828.56
2025-06-10 20:30:00+00:00,2759.09,2774.73,2756.0,2773.21,44366.24
2025-06-10 21:00:00+00:00,2773.21,2779.63,2733.35,2764.07,91272.4
2025-06-10 21:30:00+00:00,2764.07,2779.5,2755.94,2772.04,65215.62
2025-06-10 22:00:00+00:00,2772.04,2819.67,2771.46,2813.87,157224.66
2025-06-10 22:30:00+00:00,2813.87,2826.37,2790.88,2802.24,74699.83
2025-06-10 23:00:00+00:00,2802.24,2804.8,2787.4,2797.86,37398.11
2025-06-10 23:30:00+00:00,2797.86,2816.0,2796.66,2815.44,32776.16
2025-06-11 00:00:00+00:00,2815.44,2834.4,2802.38,2805.1,80084.24
2025-06-11 00:30:00+00:00,2805.1,2812.74,2790.53,2794.47,51436.59
2025-06-11 01:00:00+00:00,2794.47,2798.27,2781.54,2787.41,42450.37
2025-06-11 01:30:00+00:00,2787.41,2788.26,2777.04,2783.37,47506.18
2025-06-11 02:00:00+00:00,2783.37,2801.86,2778.78,2781.63,40611.99
2025-06-11 02:30:00+00:00,2781.63,2784.49,2770.42,2780.25,41182.91
2025-06-11 03:00:00+00:00,2780.25,2794.0,2779.13,2788.91,24068.13
2025-06-11 03:30:00+00:00,2788.91,2796.34,2787.82,2790.1,18427.18
2025-06-11 04:00:00+00:00,2790.1,2796.41,2784.51,2791.64,15492.7
2025-06-11 04:30:00+00:00,2791.64,2803.43,2789.74,2795.99,23260.21
2025-06-11 05:00:00+00:00,2795.99,2801.36,2785.03,2800.43,21124.25
2025-06-11 05:30:00+00:00,2800.43,2800.43,2789.14,2792.62,13325.51
2025-06-11 06:00:00+00:00,2792.62,2797.27,2782.8,2785.0,20870.36
2025-06-11 06:30:00+00:00,2785.0,2794.23,2778.54,2791.0,23396.0
2025-06-11 07:00:00+00:00,2791.0,2799.32,2786.64,2794.87,29843.5
2025-06-11 07:30:00+00:00,2794.87,2801.04,2790.25,2790.53,16918.63
2025-06-11 08:00:00+00:00,2790.53,2792.93,2772.65,2777.7,47876.81
2025-06-11 08:30:00+00:00,2777.7,2780.37,2762.91,2768.16,52145.87
2025-06-11 09:00:00+00:00,2768.16,2771.91,2760.2,2769.9,36905.74
2025-06-11 09:30:00+00:00,2769.9,2772.5,2752.0,2758.29,42592.26
2025-06-11 10:00:00+00:00,2758.29,2768.0,2756.18,2767.1,24360.34
2025-06-11 10:30:00+00:00,2767.1,2772.55,2762.25,2770.54,18001.29
2025-06-11 11:00:00+00:00,2770.54,2770.66,2760.8,2765.16,15964.41
2025-06-11 11:30:00+00:00,2765.16,2774.25,2760.55,2771.41,27364.07
2025-06-11 12:00:00+00:00,2771.41,2782.9,2762.68,2771.77,113504.08
2025-06-11 12:30:00+00:00,2771.77,2821.8,2771.76,2804.58,323110.26
2025-06-11 13:00:00+00:00,2804.58,2818.0,2793.21,2816.16,64322.95
2025-06-11 13:30:00+00:00,2816.16,2816.17,2782.04,2795.07,195222.5
2025-06-11 14:00:00+00:00,2795.07,2843.2,2790.05,2841.43,151708.37
2025-06-11 14:30:00+00:00,2841.43,2856.66,2826.88,2839.29,150225.26
2025-06-11 15:00:00+00:00,2839.29,2855.0,2827.09,2849.76,102032.11
2025-06-11 15:30:00+00:00,2849.76,2878.54,2849.55,2863.61,181303.33
2025-06-11 16:00:00+00:00,2863.61,2864.66,2843.6,2862.15,88194.34
2025-06-11 16:30:00+00:00,2862.15,2875.0,2853.61,2866.45,54269.1
2025-06-11 17:00:00+00:00,2866.45,2868.4,2831.23,2866.73,93859.94
2025-06-11 17:30:00+00:00,2866.73,2872.38,2823.44,2828.61,113810.99
2025-06-11 18:00:00+00:00,2828.61,2832.4,2800.0,2816.99,170123.21
2025-06-11 18:30:00+00:00,2816.99,2832.4,2803.91,2820.69,83313.63
2025-06-11 19:00:00+00:00,2820.69,2824.99,2803.78,2820.09,68698.43
2025-06-11 19:30:00+00:00,2820.09,2821.04,2800.56,2812.1,53673.19
2025-06-11 20:00:00+00:00,2812.1,2819.59,2786.88,2818.06,86173.55
2025-06-11 20:30:00+00:00,2818.06,2825.88,2811.21,2814.4,31106.1
2025-06-11 21:00:00+00:00,2814.4,2830.2,2814.01,2817.91,33237.25
2025-06-11 21:30:00+00:00,2817.91,2818.86,2773.0,2780.99,105526.67
2025-06-11 22:00:00+00:00,2780.99,2784.79,2741.47,2758.0,188306.55
2025-06-11 22:30:00+00:00,2758.0,2767.0,2750.44,2758.1,64129.37
2025-06-11 23:00:00+00:00,2758.1,2773.46,2753.57,2770.6,39597.45
2025-06-11 23:30:00+00:00,2770.6,2777.34,2767.51,2770.34,23601.85
2025-06-12 00:00:00+00:00,2770.34,2783.81,2762.46,2762.97,49678.31
2025-06-12 00:30:00+00:00,2762.97,2776.9,2757.03,2774.23,33608.83
2025-06-12 01:00:00+00:00,2774.23,2777.44,2760.01,2764.47,26148.99
2025-06-12 01:30:00+00:00,2764.47,2775.52,2750.01,2775.01,42868.19
2025-06-12 02:00:00+00:00,2775.01,2783.55,2766.41,2771.69,23652.69
2025-06-12 02:30:00+00:00,2771.69,2773.5,2755.01,2756.53,38174.57
2025-06-12 03:00:00+00:00,2756.53,2760.81,2745.0,2751.2,59282.11
2025-06-12 03:30:00+00:00,2751.2,2775.51,2750.48,2763.8,51665.39
2025-06-12 04:00:00+00:00,2763.8,2768.34,2749.25,2757.48,28377.94
2025-06-12 04:30:00+00:00,2757.48,2762.2,2749.0,2761.64,17058.48
2025-06-12 05:00:00+00:00,2761.64,2767.25,2750.42,2765.42,18675.47
2025-06-12 05:30:00+00:00,2765.42,2769.62,2757.2,2763.99,19845.1
2025-06-12 06:00:00+00:00,2763.99,2765.0,2753.56,2762.46,18130.45
2025-06-12 06:30:00+00:00,2762.46,2775.33,2761.81,2766.99,30364.61
2025-06-12 07:00:00+00:00,2766.99,2772.98,2755.71,2756.98,20805.38
2025-06-12 07:30:00+00:00,2756.98,2759.14,2731.08,2738.71,114844.91
2025-06-12 08:00:00+00:00,2738.71,2755.42,2731.19,2753.2,84285.42
2025-06-12 08:30:00+00:00,2753.2,2759.83,2746.08,2756.19,24569.72
2025-06-12 09:00:00+00:00,2756.19,2761.33,2747.5,2754.05,17743.35
2025-06-12 09:30:00+00:00,2754.05,2760.87,2751.08,2751.83,21679.91
2025-06-12 10:00:00+00:00,2751.83,2753.23,2733.23,2738.94,54248.78
2025-06-12 10:30:00+00:00,2738.94,2751.7,2732.0,2748.58,44217.71
2025-06-12 11:00:00+00:00,2748.58,2752.19,2719.89,2726.35,65199.97
2025-06-12 11:30:00+00:00,2726.35,2738.3,2721.46,2727.99,62978.85
2025-06-12 12:00:00+00:00,2727.99,2734.24,2709.3,2723.0,89287.87
2025-06-12 12:30:00+00:00,2723.0,2745.0,2719.11,2735.58,90390.73
2025-06-12 13:00:00+00:00,2735.58,2747.63,2732.37,2737.51,67923.91
2025-06-12 13:30:00+00:00,2737.51,2754.36,2730.5,2748.24,79175.75
2025-06-12 14:00:00+00:00,2748.24,2764.63,2745.96,2758.76,80620.22
2025-06-12 14:30:00+00:00,2758.76,2769.5,2756.35,2763.74,65284.82
2025-06-12 15:00:00+00:00,2763.74,2772.01,2741.29,2747.14,92537.03
2025-06-12 15:30:00+00:00,2747.14,2755.31,2712.08,2718.6,152384.13
2025-06-12 16:00:00+00:00,2718.6,2744.93,2713.5,2742.3,89451.63
2025-06-12 16:30:00+00:00,2742.3,2743.5,2732.0,2742.11,47644.65
2025-06-12 17:00:00+00:00,2742.11,2764.18,2739.71,2759.35,74448.02
2025-06-12 17:30:00+00:00,2759.35,2769.89,2757.28,2761.13,48802.08
2025-06-12 18:00:00+00:00,2761.13,2763.14,2726.4,2732.41,74832.47
2025-06-12 18:30:00+00:00,2732.41,2743.71,2716.43,2733.89,78947.29
2025-06-12 19:00:00+00:00,2733.89,2743.05,2728.5,2736.8,34881.42
2025-06-12 19:30:00+00:00,2736.8,2737.17,2690.25,2693.2,152529.51
2025-06-12 20:00:00+00:00,2693.2,2702.0,2676.51,2688.83,143255.92
2025-06-12 20:30:00+00:00,2688.83,2691.68,2615.0,2637.93,315503.99
2025-06-12 21:00:00+00:00,2637.93,2658.78,2630.02,2658.26,118499.2
2025-06-12 21:30:00+00:00,2658.26,2658.91,2630.0,2632.4,65201.63
2025-06-12 22:00:00+00:00,2632.4,2647.51,2630.84,2637.65,32980.81
2025-06-12 22:30:00+00:00,2637.65,2643.63,2631.07,2638.65,28237.58
2025-06-12 23:00:00+00:00,2638.65,2657.59,2636.87,2656.16,40405.59
2025-06-12 23:30:00+00:00,2656.16,2656.33,2640.0,2640.94,32691.07
2025-06-13 00:00:00+00:00,2640.94,2644.42,2533.21,2548.93,509293.73
2025-06-13 00:30:00+00:00,2548.93,2557.07,2495.0,2528.08,294307.87
2025-06-13 01:00:00+00:00,2528.08,2528.08,2452.74,2492.03,288781.27
2025-06-13 01:30:00+00:00,2492.03,2506.81,2472.77,2496.53,121873.81
2025-06-13 02:00:00+00:00,2496.53,2497.3,2465.81,2481.51,119461.34
2025-06-13 02:30:00+00:00,2481.51,2489.67,2434.34,2474.68,239027.24
2025-06-13 03:00:00+00:00,2474.68,2504.97,2472.71,2495.3,132251.62
2025-06-13 03:30:00+00:00,2495.3,2524.03,2489.32,2512.85,117299.98
2025-06-13 04:00:00+00:00,2512.85,2514.49,2493.53,2510.89,61452.54
2025-06-13 04:30:00+00:00,2510.89,2518.3,2504.48,2506.93,46940.08
2025-06-13 05:00:00+00:00,2506.93,2516.71,2501.95,2511.68,31120.93
2025-06-13 05:30:00+00:00,2511.68,2518.9,2504.76,2505.33,35530.26
2025-06-13 06:00:00+00:00,2505.33,2510.14,2489.62,2491.11,55015.72
2025-06-13 06:30:00+00:00,2491.11,2532.96,2491.1,2531.77,83485.83
2025-06-13 07:00:00+00:00,2531.77,2534.74,2514.12,2533.35,56522.88
2025-06-13 07:30:00+00:00,2533.35,2541.0,2524.11,2525.38,77538.76
2025-06-13 08:00:00+00:00,2525.38,2539.85,2522.33,2529.74,60267.18
2025-06-13 08:30:00+00:00,2529.74,2533.84,2508.69,2516.29,67995.52
2025-06-13 09:00:00+00:00,2516.29,2521.99,2505.01,2511.31,48843.86
2025-06-13 09:30:00+00:00,2511.31,2526.76,2505.84,2519.81,36220.7
2025-06-13 10:00:00+00:00,2519.81,2522.45,2507.72,2517.21,40799.0
2025-06-13 10:30:00+00:00,2517.21,2533.0,2514.01,2531.67,41434.59
2025-06-13 11:00:00+00:00,2531.67,2538.0,2520.18,2522.95,42871.02
2025-06-13 11:30:00+00:00,2522.95,2544.3,2521.62,2543.88,57741.83
2025-06-13 12:00:00+00:00,2543.88,2558.08,2538.41,2552.1,97106.56
2025-06-13 12:30:00+00:00,2552.1,2562.21,2534.58,2541.17,70228.0
2025-06-13 13:00:00+00:00,2541.17,2547.48,2532.78,2543.37,34979.34
2025-06-13 13:30:00+00:00,2543.37,2561.0,2539.64,2541.41,69997.31
2025-06-13 14:00:00+00:00,2541.41,2553.63,2504.74,2507.86,168986.96
2025-06-13 14:30:00+00:00,2507.86,2539.68,2502.45,2537.32,97343.41
2025-06-13 15:00:00+00:00,2537.32,2558.25,2529.42,2550.63,98355.94
2025-06-13 15:30:00+00:00,2550.63,2560.0,2543.05,2550.32,55243.6
2025-06-13 16:00:00+00:00,2550.32,2584.4,2545.01,2566.69,92306.32
2025-06-13 16:30:00+00:00,2566.69,2569.17,2543.38,2560.68,69300.8
2025-06-13 17:00:00+00:00,2560.68,2560.68,2533.82,2534.25,65175.64
2025-06-13 17:30:00+00:00,2534.25,2544.99,2521.0,2542.09,81608.11
2025-06-13 18:00:00+00:00,2542.09,2544.86,2516.27,2520.42,103148.84
2025-06-13 18:30:00+00:00,2520.42,2537.5,2508.27,2528.5,79218.4
2025-06-13 19:00:00+00:00,2528.5,2540.71,2518.95,2527.33,50648.59
2025-06-13 19:30:00+00:00,2527.33,2534.49,2522.0,2526.1,24455.08
2025-06-13 20:00:00+00:00,2526.1,2540.32,2522.61,2535.84,27794.09
2025-06-13 20:30:00+00:00,2535.84,2551.82,2533.35,2545.34,28648.47
2025-06-13 21:00:00+00:00,2545.34,2555.48,2541.04,2553.21,23275.92
2025-06-13 21:30:00+00:00,2553.21,2558.77,2546.09,2552.9,22259.84
2025-06-13 22:00:00+00:00,2552.9,2569.27,2552.9,2560.43,29565.32
2025-06-13 22:30:00+00:00,2560.43,2573.56,2558.13,2570.85,21868.31
2025-06-13 23:00:00+00:00,2570.85,2579.13,2566.19,2573.52,29799.84
2025-06-13 23:30:00+00:00,2573.52,2582.51,2571.14,2578.12,20823.47
2025-06-14 00:00:00+00:00,2578.12,2578.54,2557.41,2563.7,59665.97
2025-06-14 00:30:00+00:00,2563.7,2571.98,2558.76,2561.27,23117.22
2025-06-14 01:00:00+00:00,2561.27,2561.5,2549.0,2557.97,26520.31
2025-06-14 01:30:00+00:00,2557.97,2565.2,2553.7,2556.38,14556.42
2025-06-14 02:00:00+00:00,2556.38,2566.99,2554.0,2556.84,14343.91
2025-06-14 02:30:00+00:00,2556.84,2557.5,2551.29,2553.89,9830.4
2025-06-14 03:00:00+00:00,2553.89,2557.42,2548.43,2556.32,11472.49
2025-06-14 03:30:00+00:00,2556.32,2559.23,2545.44,2547.92,13345.04
2025-06-14 04:00:00+00:00,2547.92,2554.0,2547.22,2553.1,9768.79
2025-06-14 04:30:00+00:00,2553.1,2555.69,2548.29,2550.69,10025.32
2025-06-14 05:00:00+00:00,2550.69,2551.97,2546.27,2548.31,20583.99
2025-06-14 05:30:00+00:00,2548.31,2555.42,2545.96,2550.63,19498.64
2025-06-14 06:00:00+00:00,2550.63,2555.35,2540.33,2543.86,44214.59
2025-06-14 06:30:00+00:00,2543.86,2546.12,2540.48,2542.0,12984.13
2025-06-14 07:00:00+00:00,2542.0,2542.58,2524.0,2534.29,61039.95
2025-06-14 07:30:00+00:00,2534.29,2540.81,2533.26,2535.89,16659.21
2025-06-14 08:00:00+00:00,2535.89,2536.3,2525.12,2532.5,25037.18
2025-06-14 08:30:00+00:00,2532.5,2536.57,2525.0,2534.29,12874.83
2025-06-14 09:00:00+00:00,2534.29,2534.6,2527.32,2528.91,12066.4
2025-06-14 09:30:00+00:00,2528.91,2530.14,2520.35,2521.84,27263.57
2025-06-14 10:00:00+00:00,2521.84,2529.44,2516.5,2528.87,24909.6
2025-06-14 10:30:00+00:00,2528.87,2534.19,2525.8,2529.66,18563.62
2025-06-14 11:00:00+00:00,2529.66,2538.16,2529.66,2534.13,27495.49
2025-06-14 11:30:00+00:00,2534.13,2538.97,2528.76,2537.13,22026.0
2025-06-14 12:00:00+00:00,2537.13,2538.0,2527.25,2530.81,22013.07
2025-06-14 12:30:00+00:00,2530.81,2537.86,2527.72,2535.34,16061.93
2025-06-14 13:00:00+00:00,2535.34,2544.99,2533.15,2536.54,29098.77
2025-06-14 13:30:00+00:00,2536.54,2537.09,2524.64,2533.49,27620.88
2025-06-14 14:00:00+00:00,2533.49,2535.89,2529.31,2532.2,11779.75
2025-06-14 14:30:00+00:00,2532.2,2533.4,2522.31,2528.01,25518.56
2025-06-14 15:00:00+00:00,2528.01,2531.88,2517.71,2521.67,19925.22
2025-06-14 15:30:00+00:00,2521.67,2521.67,2503.33,2517.91,82788.74
2025-06-14 16:00:00+00:00,2517.91,2524.62,2507.3,2510.5,29952.75
2025-06-14 16:30:00+00:00,2510.5,2512.99,2490.39,2496.12,86522.72
2025-06-14 17:00:00+00:00,2496.12,2516.91,2486.59,2513.7,59532.07
2025-06-14 17:30:00+00:00,2513.7,2515.74,2501.68,2510.29,25737.95
2025-06-14 18:00:00+00:00,2510.29,2522.68,2501.56,2502.11,35130.55
2025-06-14 18:30:00+00:00,2502.11,2508.78,2487.2,2507.14,71151.96
2025-06-14 19:00:00+00:00,2507.14,2517.34,2503.7,2513.25,65141.93
2025-06-14 19:30:00+00:00,2513.25,2520.99,2505.67,2506.35,24233.0
2025-06-14 20:00:00+00:00,2506.35,2512.53,2495.4,2506.01,44602.44
2025-06-14 20:30:00+00:00,2506.01,2512.71,2501.02,2508.31,20243.66
2025-06-14 21:00:00+00:00,2508.31,2520.31,2505.09,2519.13,31795.15
2025-06-14 21:30:00+00:00,2519.13,2536.37,2512.44,2526.99,43420.81
2025-06-14 22:00:00+00:00,2526.99,2532.5,2523.26,2527.77,18450.47
2025-06-14 22:30:00+00:00,2527.77,2527.77,2516.66,2525.16,19902.8
2025-06-14 23:00:00+00:00,2525.16,2531.5,2524.67,2529.18,12779.65
2025-06-14 23:30:00+00:00,2529.18,2538.97,2527.2,2529.26,28790.03
2025-06-15 00:00:00+00:00,2529.26,2537.01,2527.4,2533.5,23219.22
2025-06-15 00:30:00+00:00,2533.5,2539.9,2529.68,2536.34,16622.72
2025-06-15 01:00:00+00:00,2536.34,2538.0,2524.88,2527.12,17013.71
2025-06-15 01:30:00+00:00,2527.12,2532.4,2523.65,2527.95,9651.53
2025-06-15 02:00:00+00:00,2527.95,2536.8,2527.95,2534.2,9582.96
2025-06-15 02:30:00+00:00,2534.2,2535.69,2527.01,2528.39,10078.14
2025-06-15 03:00:00+00:00,2528.39,2532.76,2527.0,2530.54,7397.95
2025-06-15 03:30:00+00:00,2530.54,2534.0,2528.71,2529.3,4590.32
2025-06-15 04:00:00+00:00,2529.3,2533.99,2528.71,2531.92,8856.02
2025-06-15 04:30:00+00:00,2531.92,2545.2,2531.88,2542.5,33051.42
2025-06-15 05:00:00+00:00,2542.5,2542.5,2534.05,2540.06,14224.22
2025-06-15 05:30:00+00:00,2540.06,2551.88,2539.26,2550.07,38285.54
2025-06-15 06:00:00+00:00,2550.07,2552.43,2531.77,2534.98,34222.34
2025-06-15 06:30:00+00:00,2534.98,2537.15,2532.3,2534.36,12518.89
2025-06-15 07:00:00+00:00,2534.36,2535.0,2524.41,2527.31,42085.95
2025-06-15 07:30:00+00:00,2527.31,2530.17,2520.77,2527.18,22985.45
2025-06-15 08:00:00+00:00,2527.18,2528.79,2517.85,2522.55,27935.07
2025-06-15 08:30:00+00:00,2522.55,2524.09,2516.88,2519.44,15003.49
2025-06-15 09:00:00+00:00,2519.44,2519.44,2508.08,2511.99,29555.38
2025-06-15 09:30:00+00:00,2511.99,2515.16,2506.6,2509.46,22041.73
2025-06-15 10:00:00+00:00,2509.46,2522.63,2508.8,2515.5,29702.11
2025-06-15 10:30:00+00:00,2515.5,2520.64,2512.4,2518.88,14263.26
2025-06-15 11:00:00+00:00,2518.88,2522.09,2513.69,2514.25,9918.41
2025-06-15 11:30:00+00:00,2514.25,2519.83,2510.33,2514.89,19773.44
2025-06-15 12:00:00+00:00,2514.89,2523.88,2514.46,2517.38,18018.33
2025-06-15 12:30:00+00:00,2517.38,2525.69,2516.05,2524.31,15940.75
2025-06-15 13:00:00+00:00,2524.31,2537.15,2521.24,2532.35,51059.25
2025-06-15 13:30:00+00:00,2532.35,2544.64,2526.81,2542.2,43194.82
2025-06-15 14:00:00+00:00,2542.2,2548.16,2536.06,2538.29,43971.71
2025-06-15 14:30:00+00:00,2538.29,2554.28,2534.73,2547.57,51477.19
2025-06-15 15:00:00+00:00,2547.57,2550.76,2543.34,2550.47,32259.27
2025-06-15 15:30:00+00:00,2550.47,2552.36,2537.42,2540.86,30837.65
2025-06-15 16:00:00+00:00,2540.86,2547.65,2534.78,2542.63,39826.36
2025-06-15 16:30:00+00:00,2542.63,2554.8,2538.71,2550.52,33557.14
2025-06-15 17:00:00+00:00,2550.52,2551.68,2543.6,2547.74,12517.39
2025-06-15 17:30:00+00:00,2547.74,2559.79,2544.3,2552.6,29403.75
2025-06-15 18:00:00+00:00,2552.6,2553.69,2539.54,2544.48,19720.76
2025-06-15 18:30:00+00:00,2544.48,2549.0,2541.63,2547.5,9767.75
2025-06-15 19:00:00+00:00,2547.5,2552.29,2544.4,2545.93,13725.49
2025-06-15 19:30:00+00:00,2545.93,2548.39,2529.0,2535.71,40558.07
2025-06-15 20:00:00+00:00,2535.71,2535.88,2510.44,2511.74,50211.11
2025-06-15 20:30:00+00:00,2511.74,2518.49,2490.14,2501.77,95815.83
2025-06-15 21:00:00+00:00,2501.77,2512.65,2495.8,2511.7,36891.62
2025-06-15 21:30:00+00:00,2511.7,2517.19,2502.74,2515.71,25606.19
2025-06-15 22:00:00+00:00,2515.71,2546.42,2512.0,2538.83,92442.24
2025-06-15 22:30:00+00:00,2538.83,2548.88,2532.72,2543.4,34041.14
2025-06-15 23:00:00+00:00,2543.4,2547.0,2538.28,2543.08,16045.7
2025-06-15 23:30:00+00:00,2543.08,2548.8,2542.12,2546.32,15533.07
2025-06-16 00:00:00+00:00,2546.32,2552.97,2536.69,2541.61,31913.74
2025-06-16 00:30:00+00:00,2541.61,2547.25,2538.0,2543.32,18152.68
2025-06-16 01:00:00+00:00,2543.32,2545.14,2518.32,2521.06,72150.55
2025-06-16 01:30:00+00:00,2521.06,2558.54,2513.0,2553.22,89888.9
2025-06-16 02:00:00+00:00,2553.22,2577.98,2553.22,2568.13,91488.11
2025-06-16 02:30:00+00:00,2568.13,2577.43,2565.0,2573.45,26663.37
2025-06-16 03:00:00+00:00,2573.45,2574.72,2564.52,2571.46,38181.88
2025-06-16 03:30:00+00:00,2571.46,2572.87,2566.65,2567.14,11725.65
2025-06-16 04:00:00+00:00,2567.14,2577.51,2565.5,2571.54,33234.68
2025-06-16 04:30:00+00:00,2571.54,2577.0,2569.02,2574.68,22641.07
2025-06-16 05:00:00+00:00,2574.68,2597.12,2572.26,2595.93,114796.46
2025-06-16 05:30:00+00:00,2595.93,2619.99,2593.63,2606.37,136510.26
2025-06-16 06:00:00+00:00,2606.37,2615.96,2602.0,2610.32,38093.83
2025-06-16 06:30:00+00:00,2610.32,2618.98,2604.46,2606.69,44529.04
2025-06-16 07:00:00+00:00,2606.69,2637.35,2606.53,2623.19,110508.1
2025-06-16 07:30:00+00:00,2623.19,2632.25,2621.44,2627.75,52026.68
2025-06-16 08:00:00+00:00,2627.75,2630.81,2620.27,2622.24,27671.45
2025-06-16 08:30:00+00:00,2622.24,2629.87,2621.4,2629.73,29902.62
2025-06-16 09:00:00+00:00,2629.73,2630.46,2621.55,2623.65,28132.94
2025-06-16 09:30:00+00:00,2623.65,2624.7,2617.67,2620.78,25000.17
2025-06-16 10:00:00+00:00,2620.78,2633.14,2620.11,2625.19,29855.72
2025-06-16 10:30:00+00:00,2625.19,2625.49,2609.38,2616.31,53731.4
2025-06-16 11:00:00+00:00,2616.31,2616.45,2591.02,2597.0,85555.84
2025-06-16 11:30:00+00:00,2597.0,2619.34,2595.9,2615.82,88646.7
2025-06-16 12:00:00+00:00,2615.82,2616.22,2603.11,2608.79,59487.17
2025-06-16 12:30:00+00:00,2608.79,2618.44,2605.46,2614.01,29237.16
2025-06-16 13:00:00+00:00,2614.01,2617.64,2606.84,2610.9,21004.8
2025-06-16 13:30:00+00:00,2610.9,2646.84,2608.88,2638.56,128478.13
2025-06-16 14:00:00+00:00,2638.56,2644.74,2625.54,2638.65,101632.34
2025-06-16 14:30:00+00:00,2638.65,2657.12,2636.01,2638.3,137335.44
2025-06-16 15:00:00+00:00,2638.3,2644.56,2633.5,2636.09,46409.68
2025-06-16 15:30:00+00:00,2636.09,2646.0,2626.37,2630.8,55317.85
2025-06-16 16:00:00+00:00,2630.8,2644.64,2627.0,2635.32,41282.86
2025-06-16 16:30:00+00:00,2635.32,2641.4,2625.87,2634.63,33645.1
2025-06-16 17:00:00+00:00,2634.63,2640.48,2630.12,2636.76,33309.99
2025-06-16 17:30:00+00:00,2636.76,2641.5,2627.71,2632.93,26801.19
2025-06-16 18:00:00+00:00,2632.93,2644.38,2630.8,2642.06,24201.61
2025-06-16 18:30:00+00:00,2642.06,2653.58,2636.31,2652.86,46489.9
2025-06-16 19:00:00+00:00,2652.86,2669.34,2643.1,2664.59,108878.64
2025-06-16 19:30:00+00:00,2664.59,2665.06,2647.82,2658.75,51770.93
2025-06-16 20:00:00+00:00,2658.75,2659.19,2642.38,2657.12,51866.23
2025-06-16 20:30:00+00:00,2657.12,2679.6,2654.43,2668.31,64443.69
2025-06-16 21:00:00+00:00,2668.31,2670.41,2650.34,2656.4,41011.67
2025-06-16 21:30:00+00:00,2656.4,2656.73,2643.01,2647.65,28645.7
2025-06-16 22:00:00+00:00,2647.65,2656.49,2646.82,2654.68,18461.36
2025-06-16 22:30:00+00:00,2654.68,2654.85,2541.33,2568.79,431572.27
2025-06-16 23:00:00+00:00,2568.79,2595.33,2558.15,2573.58,133344.29
2025-06-16 23:30:00+00:00,2573.58,2578.55,2533.74,2543.26,143506.98
2025-06-17 00:00:00+00:00,2543.26,2570.83,2522.75,2569.58,216931.06
2025-06-17 00:30:00+00:00,2569.58,2587.43,2556.16,2586.31,84109.4
2025-06-17 01:00:00+00:00,2586.31,2591.82,2571.98,2577.79,42671.49
2025-06-17 01:30:00+00:00,2577.79,2589.57,2576.17,2579.77,21795.18
2025-06-17 02:00:00+00:00,2579.77,2580.08,2559.53,2562.81,49192.28
2025-06-17 02:30:00+00:00,2562.81,2615.52,2556.85,2607.32,108291.94
2025-06-17 03:00:00+00:00,2607.32,2618.24,2599.31,2605.74,58262.39
2025-06-17 03:30:00+00:00,2605.74,2612.49,2601.17,2606.05,31421.4
2025-06-17 04:00:00+00:00,2606.05,2609.47,2592.08,2594.63,35787.5
2025-06-17 04:30:00+00:00,2594.63,2597.47,2586.44,2590.45,26411.02
2025-06-17 05:00:00+00:00,2590.45,2597.2,2577.2,2585.19,46228.9
2025-06-17 05:30:00+00:00,2585.19,2587.82,2574.56,2578.77,28153.87
2025-06-17 06:00:00+00:00,2578.77,2587.3,2573.16,2581.49,30711.27
2025-06-17 06:30:00+00:00,2581.49,2583.98,2575.21,2581.03,26996.56
2025-06-17 07:00:00+00:00,2581.03,2585.55,2568.7,2569.14,31643.95
2025-06-17 07:30:00+00:00,2569.14,2585.51,2569.13,2580.95,25721.15
2025-06-17 08:00:00+00:00,2580.95,2584.16,2572.57,2579.67,21502.01
2025-06-17 08:30:00+00:00,2579.67,2579.67,2563.49,2570.41,37969.14
2025-06-17 09:00:00+00:00,2570.41,2575.0,2560.45,2568.72,42478.9
2025-06-17 09:30:00+00:00,2568.72,2572.69,2559.29,2565.87,41708.54
2025-06-17 10:00:00+00:00,2565.87,2568.43,2553.32,2561.65,45200.52
2025-06-17 10:30:00+00:00,2561.65,2562.7,2543.1,2555.7,69607.73
2025-06-17 11:00:00+00:00,2555.7,2556.22,2540.23,2543.45,41221.36
2025-06-17 11:30:00+00:00,2543.45,2552.9,2542.11,2551.13,30333.52
2025-06-17 12:00:00+00:00,2551.13,2557.38,2547.53,2548.38,38829.35
2025-06-17 12:30:00+00:00,2548.38,2559.03,2543.71,2546.48,40043.3
2025-06-17 13:00:00+00:00,2546.48,2556.76,2544.91,2555.76,33383.92
2025-06-17 13:30:00+00:00,2555.76,2563.0,2545.52,2551.99,84928.08
2025-06-17 14:00:00+00:00,2551.99,2567.35,2546.4,2557.97,74777.64
2025-06-17 14:30:00+00:00,2557.97,2560.67,2527.23,2532.02,102444.5
2025-06-17 15:00:00+00:00,2532.02,2539.82,2489.23,2494.99,255234.83
2025-06-17 15:30:00+00:00,2494.99,2504.8,2480.56,2497.58,147034.85
2025-06-17 16:00:00+00:00,2497.58,2501.33,2483.07,2485.17,81080.62
2025-06-17 16:30:00+00:00,2485.17,2495.66,2456.82,2460.0,188020.58
2025-06-17 17:00:00+00:00,2460.0,2476.4,2452.04,2475.05,115598.3
2025-06-17 17:30:00+00:00,2475.05,2485.91,2463.0,2465.45,83958.23
2025-06-17 18:00:00+00:00,2465.45,2477.1,2462.48,2463.44,41668.02
2025-06-17 18:30:00+00:00,2463.44,2495.93,2463.44,2495.9,56430.75
2025-06-17 19:00:00+00:00,2495.9,2539.9,2495.6,2532.3,147918.37
2025-06-17 19:30:00+00:00,2532.3,2543.0,2523.8,2526.69,99235.56
2025-06-17 20:00:00+00:00,2526.69,2533.04,2509.78,2522.29,107641.84
2025-06-17 20:30:00+00:00,2522.29,2525.72,2505.15,2509.42,54155.58
2025-06-17 21:00:00+00:00,2509.42,2517.21,2501.06,2515.17,44587.58
2025-06-17 21:30:00+00:00,2515.17,2524.82,2510.06,2518.69,43843.63
2025-06-17 22:00:00+00:00,2518.69,2520.19,2509.22,2514.01,22428.89
2025-06-17 22:30:00+00:00,2514.01,2514.61,2490.63,2493.1,44295.53
2025-06-17 23:00:00+00:00,2493.1,2513.21,2492.31,2511.73,32142.31
2025-06-17 23:30:00+00:00,2511.73,2518.74,2507.68,2508.95,28534.99
2025-06-18 00:00:00+00:00,2508.95,2520.59,2506.84,2508.0,28424.79
2025-06-18 00:30:00+00:00,2508.0,2529.0,2504.41,2525.11,43154.24
2025-06-18 01:00:00+00:00,2525.11,2536.39,2519.9,2520.81,42727.24
2025-06-18 01:30:00+00:00,2520.81,2528.0,2517.01,2518.19,20794.44
2025-06-18 02:00:00+00:00,2518.19,2527.67,2512.92,2525.77,25407.92
2025-06-18 02:30:00+00:00,2525.77,2528.55,2513.12,2513.79,15159.16
2025-06-18 03:00:00+00:00,2513.79,2523.13,2511.16,2521.4,21337.44
2025-06-18 03:30:00+00:00,2521.4,2531.6,2521.39,2526.8,21462.77
2025-06-18 04:00:00+00:00,2526.8,2533.6,2524.09,2528.57,16198.13
2025-06-18 04:30:00+00:00,2528.57,2545.63,2527.0,2535.95,40197.1
2025-06-18 05:00:00+00:00,2535.95,2539.04,2532.26,2536.86,14228.47
2025-06-18 05:30:00+00:00,2536.86,2542.55,2534.86,2535.69,14942.32
2025-06-18 06:00:00+00:00,2535.69,2540.33,2529.0,2532.11,29857.52
2025-06-18 06:30:00+00:00,2532.11,2535.85,2517.99,2523.11,39453.44
2025-06-18 07:00:00+00:00,2523.11,2526.5,2516.44,2524.14,25614.15
2025-06-18 07:30:00+00:00,2524.14,2532.62,2522.39,2532.61,22570.75
2025-06-18 08:00:00+00:00,2532.61,2547.64,2531.9,2536.41,48671.29
2025-06-18 08:30:00+00:00,2536.41,2536.67,2525.32,2532.31,34303.57
2025-06-18 09:00:00+00:00,2532.31,2539.7,2529.83,2533.89,20133.62
2025-06-18 09:30:00+00:00,2533.89,2534.26,2520.1,2525.76,30042.56
2025-06-18 10:00:00+00:00,2525.76,2528.23,2510.06,2514.12,42255.96
2025-06-18 10:30:00+00:00,2514.12,2517.04,2486.39,2493.93,91544.73
2025-06-18 11:00:00+00:00,2493.93,2505.72,2489.18,2505.07,61186.37
2025-06-18 11:30:00+00:00,2505.07,2515.78,2500.3,2512.65,49100.6
2025-06-18 12:00:00+00:00,2512.65,2514.96,2500.29,2503.15,38309.0
2025-06-18 12:30:00+00:00,2503.15,2506.42,2490.66,2492.58,45284.74
2025-06-18 13:00:00+00:00,2492.58,2494.0,2466.0,2469.63,118908.88
2025-06-18 13:30:00+00:00,2469.63,2504.28,2464.0,2500.53,134440.98
2025-06-18 14:00:00+00:00,2500.53,2537.88,2492.41,2531.75,176235.79
2025-06-18 14:30:00+00:00,2531.75,2535.54,2493.71,2503.95,130927.9
2025-06-18 15:00:00+00:00,2503.95,2514.69,2488.41,2509.54,88377.7
2025-06-18 15:30:00+00:00,2509.54,2519.37,2503.25,2507.74,57603.26
2025-06-18 16:00:00+00:00,2507.74,2514.03,2493.04,2495.89,52731.28
2025-06-18 16:30:00+00:00,2495.89,2506.69,2494.13,2498.8,26160.92
2025-06-18 17:00:00+00:00,2498.8,2499.58,2478.12,2480.79,51035.05
2025-06-18 17:30:00+00:00,2480.79,2502.27,2465.23,2495.54,89946.25
2025-06-18 18:00:00+00:00,2495.54,2517.8,2479.27,2493.87,111453.62
2025-06-18 18:30:00+00:00,2493.87,2509.69,2471.05,2473.99,77846.59
2025-06-18 19:00:00+00:00,2473.99,2509.94,2469.0,2487.47,129693.99
2025-06-18 19:30:00+00:00,2487.47,2502.78,2485.79,2491.21,28850.42
2025-06-18 20:00:00+00:00,2491.21,2503.97,2481.29,2502.85,31316.34
2025-06-18 20:30:00+00:00,2502.85,2537.42,2500.73,2527.79,66221.93
2025-06-18 21:00:00+00:00,2527.79,2530.75,2507.78,2521.84,79313.43
2025-06-18 21:30:00+00:00,2521.84,2537.73,2517.77,2527.44,27816.79
2025-06-18 22:00:00+00:00,2527.44,2532.98,2518.45,2527.2,26537.27
2025-06-18 22:30:00+00:00,2527.2,2527.9,2521.15,2524.06,16010.59
2025-06-18 23:00:00+00:00,2524.06,2532.21,2520.09,2520.33,14562.86
2025-06-18 23:30:00+00:00,2520.33,2524.53,2513.49,2523.68,22866.04
2025-06-19 00:00:00+00:00,2523.68,2536.14,2511.79,2534.5,37885.13
2025-06-19 00:30:00+00:00,2534.5,2546.15,2526.83,2528.44,48248.03
2025-06-19 01:00:00+00:00,2528.44,2529.35,2504.97,2520.47,61844.93
2025-06-19 01:30:00+00:00,2520.47,2520.73,2509.36,2513.68,17790.34
2025-06-19 02:00:00+00:00,2513.68,2519.23,2506.47,2512.99,16064.2
2025-06-19 02:30:00+00:00,2512.99,2525.83,2511.58,2513.42,24165.45
2025-06-19 03:00:00+00:00,2513.42,2523.57,2513.29,2522.36,9386.99
2025-06-19 03:30:00+00:00,2522.36,2525.0,2517.77,2524.61,8696.4
2025-06-19 04:00:00+00:00,2524.61,2524.87,2514.53,2515.29,12439.9
2025-06-19 04:30:00+00:00,2515.29,2524.41,2512.93,2523.3,17350.59
2025-06-19 05:00:00+00:00,2523.3,2530.26,2521.08,2528.03,18287.17
2025-06-19 05:30:00+00:00,2528.03,2530.36,2519.19,2520.73,14670.09
2025-06-19 06:00:00+00:00,2520.73,2526.0,2515.0,2515.07,17491.82
2025-06-19 06:30:00+00:00,2515.07,2519.77,2515.06,2517.61,8088.5
2025-06-19 07:00:00+00:00,2517.61,2524.8,2516.32,2518.41,11446.08
2025-06-19 07:30:00+00:00,2518.41,2522.48,2516.56,2517.51,9791.23
2025-06-19 08:00:00+00:00,2517.51,2526.92,2517.51,2525.78,15217.74
2025-06-19 08:30:00+00:00,2525.78,2529.2,2521.6,2522.25,16290.66
2025-06-19 09:00:00+00:00,2522.25,2528.99,2520.95,2528.99,8153.71
2025-06-19 09:30:00+00:00,2528.99,2541.25,2527.54,2537.42,50076.3
2025-06-19 10:00:00+00:00,2537.42,2544.21,2532.4,2542.29,28830.82
2025-06-19 10:30:00+00:00,2542.29,2544.37,2533.27,2537.52,24947.59
2025-06-19 11:00:00+00:00,2537.52,2537.52,2528.81,2530.43,19329.96
2025-06-19 11:30:00+00:00,2530.43,2532.52,2526.0,2530.46,18504.23
2025-06-19 12:00:00+00:00,2530.46,2535.78,2523.57,2532.57,17394.65
2025-06-19 12:30:00+00:00,2532.57,2534.33,2516.9,2523.94,26200.17
2025-06-19 13:00:00+00:00,2523.94,2524.6,2515.86,2523.01,35279.55
2025-06-19 13:30:00+00:00,2523.01,2523.01,2505.5,2508.38,49111.39
2025-06-19 14:00:00+00:00,2508.38,2520.96,2507.85,2517.32,30510.85
2025-06-19 14:30:00+00:00,2517.32,2518.54,2492.68,2495.39,75661.02
2025-06-19 15:00:00+00:00,2495.39,2503.69,2494.16,2498.68,48476.69
2025-06-19 15:30:00+00:00,2498.68,2501.39,2488.1,2491.23,34929.54
2025-06-19 16:00:00+00:00,2491.23,2502.34,2491.23,2498.88,21141.23
2025-06-19 16:30:00+00:00,2498.88,2500.5,2483.29,2486.64,32959.92
2025-06-19 17:00:00+00:00,2486.64,2495.0,2485.01,2494.21,29579.87
2025-06-19 17:30:00+00:00,2494.21,2522.17,2492.7,2506.99,155150.55
2025-06-19 18:00:00+00:00,2506.99,2516.28,2505.39,2508.54,18870.92
2025-06-19 18:30:00+00:00,2508.54,2511.82,2497.51,2503.35,23003.56
2025-06-19 19:00:00+00:00,2503.35,2509.51,2496.17,2507.46,13519.78
2025-06-19 19:30:00+00:00,2507.46,2508.9,2500.77,2503.3,9032.23
2025-06-19 20:00:00+00:00,2503.3,2515.0,2503.3,2509.66,15289.57
2025-06-19 20:30:00+00:00,2509.66,2511.72,2501.4,2505.84,8569.8
2025-06-19 21:00:00+00:00,2505.84,2513.43,2503.36,2507.03,14699.03
2025-06-19 21:30:00+00:00,2507.03,2514.0,2503.04,2508.62,17049.73
2025-06-19 22:00:00+00:00,2508.62,2519.9,2508.62,2516.76,20643.39
2025-06-19 22:30:00+00:00,2516.76,2530.8,2516.21,2522.45,40267.73
2025-06-19 23:00:00+00:00,2522.45,2528.8,2517.6,2521.28,20632.14
2025-06-19 23:30:00+00:00,2521.28,2524.67,2518.02,2519.71,10742.17
2025-06-20 00:00:00+00:00,2519.71,2530.23,2518.64,2521.42,13303.6
2025-06-20 00:30:00+00:00,2521.42,2529.96,2520.74,2524.36,12215.72
2025-06-20 01:00:00+00:00,2524.36,2526.0,2515.0,2516.01,13661.23
2025-06-20 01:30:00+00:00,2516.01,2529.62,2515.76,2526.38,18850.14
2025-06-20 02:00:00+00:00,2526.38,2527.32,2520.67,2521.33,8788.47
2025-06-20 02:30:00+00:00,2521.33,2521.33,2512.5,2517.16,12975.56
2025-06-20 03:00:00+00:00,2517.16,2522.0,2510.94,2520.26,13363.73
2025-06-20 03:30:00+00:00,2520.26,2520.49,2515.72,2516.23,6535.54
2025-06-20 04:00:00+00:00,2516.23,2519.12,2507.72,2510.3,12365.81
2025-06-20 04:30:00+00:00,2510.3,2511.45,2502.4,2503.13,18907.11
2025-06-20 05:00:00+00:00,2503.13,2508.4,2501.51,2505.99,15341.17
2025-06-20 05:30:00+00:00,2505.99,2515.14,2505.16,2514.62,12570.85
2025-06-20 06:00:00+00:00,2514.62,2523.17,2514.44,2520.53,22502.35
2025-06-20 06:30:00+00:00,2520.53,2522.27,2516.92,2520.11,11347.85
2025-06-20 07:00:00+00:00,2520.11,2539.91,2518.08,2533.07,48693.38
2025-06-20 07:30:00+00:00,2533.07,2550.25,2532.71,2548.43,103797.19
2025-06-20 08:00:00+00:00,2548.43,2568.89,2546.27,2560.53,109129.57
2025-06-20 08:30:00+00:00,2560.53,2563.34,2542.21,2552.41,70172.36
2025-06-20 09:00:00+00:00,2552.41,2556.01,2544.23,2546.42,30798.5
2025-06-20 09:30:00+00:00,2546.42,2554.19,2545.6,2552.3,17211.18
2025-06-20 10:00:00+00:00,2552.3,2556.92,2546.57,2553.06,33832.68
2025-06-20 10:30:00+00:00,2553.06,2555.84,2550.21,2551.56,17187.9
2025-06-20 11:00:00+00:00,2551.56,2552.28,2538.28,2543.77,35290.43
2025-06-20 11:30:00+00:00,2543.77,2554.87,2541.03,2548.4,28922.25
2025-06-20 12:00:00+00:00,2548.4,2553.78,2545.0,2549.7,19561.72
2025-06-20 12:30:00+00:00,2549.7,2557.09,2548.47,2550.49,20908.19
2025-06-20 13:00:00+00:00,2550.49,2558.48,2550.49,2553.6,17477.91
2025-06-20 13:30:00+00:00,2553.6,2557.34,2527.0,2534.86,91822.12
2025-06-20 14:00:00+00:00,2534.86,2540.26,2510.99,2518.62,115314.87
2025-06-20 14:30:00+00:00,2518.62,2522.67,2487.39,2488.28,147320.12
2025-06-20 15:00:00+00:00,2488.28,2503.44,2486.54,2495.08,84235.86
2025-06-20 15:30:00+00:00,2495.08,2508.87,2485.33,2492.39,79350.96
2025-06-20 16:00:00+00:00,2492.39,2494.74,2473.11,2483.99,93396.88
2025-06-20 16:30:00+00:00,2483.99,2489.44,2477.36,2481.13,53559.91
2025-06-20 17:00:00+00:00,2481.13,2485.86,2404.0,2416.29,312704.43
2025-06-20 17:30:00+00:00,2416.29,2424.07,2363.95,2418.05,325980.56
2025-06-20 18:00:00+00:00,2418.05,2432.89,2411.6,2417.7,97419.63
2025-06-20 18:30:00+00:00,2417.7,2429.41,2415.52,2418.61,42985.88
2025-06-20 19:00:00+00:00,2418.61,2419.75,2392.39,2405.51,63095.8
2025-06-20 19:30:00+00:00,2405.51,2422.93,2404.82,2413.32,45923.78
2025-06-20 20:00:00+00:00,2413.32,2436.99,2412.82,2429.62,50787.79
2025-06-20 20:30:00+00:00,2429.62,2435.13,2424.12,2426.0,40240.58
2025-06-20 21:00:00+00:00,2426.0,2426.28,2408.47,2415.63,39153.69
2025-06-20 21:30:00+00:00,2415.63,2425.94,2413.66,2415.62,18444.18
2025-06-20 22:00:00+00:00,2415.62,2417.13,2398.76,2402.3,46412.77
2025-06-20 22:30:00+00:00,2402.3,2407.89,2380.03,2389.56,80758.62
2025-06-20 23:00:00+00:00,2389.56,2399.24,2382.39,2399.24,30066.13
2025-06-20 23:30:00+00:00,2399.24,2406.42,2397.49,2405.23,17110.84
2025-06-21 00:00:00+00:00,2405.23,2412.13,2394.71,2411.76,24861.73
2025-06-21 00:30:00+00:00,2411.76,2418.15,2407.58,2409.8,24016.82
2025-06-21 01:00:00+00:00,2409.8,2418.8,2408.7,2417.87,10165.34
2025-06-21 01:30:00+00:00,2417.87,2431.41,2414.97,2430.01,34033.41
2025-06-21 02:00:00+00:00,2430.01,2431.41,2416.53,2417.24,17828.77
2025-06-21 02:30:00+00:00,2417.24,2423.18,2416.33,2421.52,11176.09
2025-06-21 03:00:00+00:00,2421.52,2428.5,2421.52,2428.04,13871.86
2025-06-21 03:30:00+00:00,2428.04,2430.0,2424.1,2424.29,13326.13
2025-06-21 04:00:00+00:00,2424.29,2426.0,2419.73,2420.84,11527.21
2025-06-21 04:30:00+00:00,2420.84,2423.79,2417.36,2421.99,9221.35
2025-06-21 05:00:00+00:00,2421.99,2426.07,2418.54,2425.42,7136.64
2025-06-21 05:30:00+00:00,2425.42,2426.2,2420.23,2423.0,6642.23
2025-06-21 06:00:00+00:00,2423.0,2425.16,2419.61,2424.01,5782.36
2025-06-21 06:30:00+00:00,2424.01,2427.56,2421.86,2424.04,9283.86
2025-06-21 07:00:00+00:00,2424.04,2424.46,2418.26,2424.03,13270.11
2025-06-21 07:30:00+00:00,2424.03,2426.87,2422.54,2425.71,8022.21
2025-06-21 08:00:00+00:00,2425.71,2430.94,2421.75,2425.09,15499.32
2025-06-21 08:30:00+00:00,2425.09,2443.52,2424.17,2440.5,34650.99
2025-06-21 09:00:00+00:00,2440.5,2440.78,2431.0,2436.13,24196.64
2025-06-21 09:30:00+00:00,2436.13,2447.65,2434.01,2443.9,29212.75
2025-06-21 10:00:00+00:00,2443.9,2446.26,2435.69,2441.25,22776.82
2025-06-21 10:30:00+00:00,2441.25,2442.09,2430.04,2437.8,20994.09
2025-06-21 11:00:00+00:00,2437.8,2442.99,2434.24,2441.44,18501.01
2025-06-21 11:30:00+00:00,2441.44,2445.57,2436.46,2441.34,15996.45
2025-06-21 12:00:00+00:00,2441.34,2444.0,2437.8,2442.0,8773.66
2025-06-21 12:30:00+00:00,2442.0,2442.37,2433.04,2434.55,18466.24
2025-06-21 13:00:00+00:00,2434.55,2441.9,2434.55,2440.9,10055.25
2025-06-21 13:30:00+00:00,2440.9,2441.31,2411.57,2419.0,74991.64
2025-06-21 14:00:00+00:00,2419.0,2424.11,2412.38,2416.8,40750.53
2025-06-21 14:30:00+00:00,2416.8,2434.06,2415.0,2418.11,46673.16
2025-06-21 15:00:00+00:00,2418.11,2426.29,2411.72,2414.66,25007.89
2025-06-21 15:30:00+00:00,2414.66,2425.01,2410.8,2422.24,30736.57
2025-06-21 16:00:00+00:00,2422.24,2426.99,2416.51,2426.26,14715.58
2025-06-21 16:30:00+00:00,2426.26,2426.32,2412.19,2414.76,24066.43
2025-06-21 17:00:00+00:00,2414.76,2422.83,2412.37,2413.49,12276.01
2025-06-21 17:30:00+00:00,2413.49,2413.49,2394.05,2397.72,74268.78
2025-06-21 18:00:00+00:00,2397.72,2406.35,2397.02,2403.88,22784.26
2025-06-21 18:30:00+00:00,2403.88,2410.35,2382.63,2386.18,55814.19
2025-06-21 19:00:00+00:00,2386.18,2398.74,2382.49,2393.64,43052.05
2025-06-21 19:30:00+00:00,2393.64,2396.08,2380.49,2383.47,36318.67
2025-06-21 20:00:00+00:00,2383.47,2394.63,2376.14,2391.78,43912.25
2025-06-21 20:30:00+00:00,2391.78,2408.38,2391.45,2402.18,46920.28
2025-06-21 21:00:00+00:00,2402.18,2404.48,2291.57,2337.9,207404.93
2025-06-21 21:30:00+00:00,2337.9,2338.42,2230.54,2280.29,308293.13
2025-06-21 22:00:00+00:00,2280.29,2306.88,2277.6,2301.71,85663.29
2025-06-21 22:30:00+00:00,2301.71,2302.3,2276.46,2285.41,54681.82
2025-06-21 23:00:00+00:00,2285.41,2290.64,2258.07,2260.64,84614.02
2025-06-21 23:30:00+00:00,2260.64,2313.94,2213.42,2295.0,488569.25
2025-06-22 00:00:00+00:00,2295.0,2312.46,2251.92,2282.74,243859.59
2025-06-22 00:30:00+00:00,2282.74,2313.2,2276.68,2293.58,84339.52
2025-06-22 01:00:00+00:00,2293.58,2299.75,2277.25,2285.6,66847.17
2025-06-22 01:30:00+00:00,2285.6,2286.79,2263.26,2265.14,63127.02
2025-06-22 02:00:00+00:00,2265.14,2283.84,2252.4,2264.69,85941.75
2025-06-22 02:30:00+00:00,2264.69,2270.92,2244.19,2263.94,66127.09
2025-06-22 03:00:00+00:00,2263.94,2274.57,2249.86,2253.83,42938.42
2025-06-22 03:30:00+00:00,2253.83,2264.35,2253.21,2263.58,23009.55
2025-06-22 04:00:00+00:00,2263.58,2283.99,2260.5,2277.51,34381.63
2025-06-22 04:30:00+00:00,2277.51,2287.89,2274.25,2280.77,31672.76
2025-06-22 05:00:00+00:00,2280.77,2293.58,2280.55,2287.51,29665.95
2025-06-22 05:30:00+00:00,2287.51,2290.37,2277.71,2287.52,21960.88
2025-06-22 06:00:00+00:00,2287.52,2298.27,2282.7,2289.46,25833.14
2025-06-22 06:30:00+00:00,2289.46,2292.93,2282.77,2285.99,20277.85
2025-06-22 07:00:00+00:00,2285.99,2287.68,2278.65,2283.2,23068.01
2025-06-22 07:30:00+00:00,2283.2,2283.2,2266.65,2269.43,44386.9
2025-06-22 08:00:00+00:00,2269.43,2277.39,2262.35,2272.91,28074.03
2025-06-22 08:30:00+00:00,2272.91,2276.17,2266.84,2273.3,17793.65
2025-06-22 09:00:00+00:00,2273.3,2279.22,2251.84,2255.23,52267.51
2025-06-22 09:30:00+00:00,2255.23,2263.09,2235.17,2240.21,101444.07
2025-06-22 10:00:00+00:00,2240.21,2260.39,2237.17,2253.02,50694.7
2025-06-22 10:30:00+00:00,2253.02,2264.01,2251.63,2258.27,26659.16
2025-06-22 11:00:00+00:00,2258.27,2278.69,2257.01,2275.13,63081.68
2025-06-22 11:30:00+00:00,2275.13,2278.09,2268.05,2272.03,17172.93
2025-06-22 12:00:00+00:00,2272.03,2286.54,2269.25,2274.61,45981.99
2025-06-22 12:30:00+00:00,2274.61,2279.79,2264.17,2278.76,44562.7
2025-06-22 13:00:00+00:00,2278.76,2284.32,2158.45,2194.27,394428.23
2025-06-22 13:30:00+00:00,2194.27,2206.17,2175.53,2198.45,247515.22
2025-06-22 14:00:00+00:00,2198.45,2210.99,2154.63,2169.52,229832.33
2025-06-22 14:30:00+00:00,2169.52,2207.96,2165.94,2200.25,185822.38
2025-06-22 15:00:00+00:00,2200.25,2207.0,2181.71,2181.77,90390.76
2025-06-22 15:30:00+00:00,2181.77,2193.21,2167.82,2173.92,68226.42
2025-06-22 16:00:00+00:00,2173.92,2189.57,2172.36,2179.57,84270.27
2025-06-22 16:30:00+00:00,2179.57,2198.86,2178.18,2196.09,58841.81
2025-06-22 17:00:00+00:00,2196.09,2219.74,2185.04,2189.7,92322.42
2025-06-22 17:30:00+00:00,2189.7,2203.5,2188.16,2191.48,29426.8
2025-06-22 18:00:00+00:00,2191.48,2198.07,2178.07,2187.19,42680.04
2025-06-22 18:30:00+00:00,2187.19,2192.62,2178.21,2181.95,30333.82
2025-06-22 19:00:00+00:00,2181.95,2188.56,2169.12,2186.77,53285.31
2025-06-22 19:30:00+00:00,2186.77,2189.6,2176.04,2182.95,25037.46
2025-06-22 20:00:00+00:00,2182.95,2186.58,2110.35,2128.99,292752.77
2025-06-22 20:30:00+00:00,2128.99,2196.59,2123.33,2187.13,192036.05
2025-06-22 21:00:00+00:00,2187.13,2195.74,2177.82,2178.82,53776.39
2025-06-22 21:30:00+00:00,2178.82,2190.34,2172.29,2178.21,27367.59
2025-06-22 22:00:00+00:00,2178.21,2226.85,2176.26,2207.56,148562.5
2025-06-22 22:30:00+00:00,2207.56,2235.56,2207.21,2233.0,70453.71
2025-06-22 23:00:00+00:00,2233.0,2236.6,2218.31,2230.61,47887.23
2025-06-22 23:30:00+00:00,2230.61,2231.48,2220.4,2226.68,22675.82
2025-06-23 00:00:00+00:00,2226.68,2238.63,2220.81,2232.9,40128.11
2025-06-23 00:30:00+00:00,2232.9,2259.28,2224.37,2240.12,77248.92
2025-06-23 01:00:00+00:00,2240.12,2241.0,2227.54,2228.81,35024.44
2025-06-23 01:30:00+00:00,2228.81,2246.95,2222.8,2244.89,26882.42
2025-06-23 02:00:00+00:00,2244.89,2246.63,2232.41,2241.15,29989.75
2025-06-23 02:30:00+00:00,2241.15,2243.3,2234.89,2237.98,16168.12
2025-06-23 03:00:00+00:00,2237.98,2242.95,2232.68,2236.28,16588.65
2025-06-23 03:30:00+00:00,2236.28,2239.7,2230.45,2233.95,16143.87
2025-06-23 04:00:00+00:00,2233.95,2243.38,2226.33,2238.05,21933.77
2025-06-23 04:30:00+00:00,2238.05,2238.66,2230.74,2233.0,13271.7
2025-06-23 05:00:00+00:00,2233.0,2244.82,2233.0,2240.38,18761.64
2025-06-23 05:30:00+00:00,2240.38,2250.46,2237.14,2245.49,33076.46
2025-06-23 06:00:00+00:00,2245.49,2254.82,2237.06,2240.0,45391.03
2025-06-23 06:30:00+00:00,2240.0,2250.79,2232.9,2249.98,57292.98
2025-06-23 07:00:00+00:00,2249.98,2274.62,2249.64,2255.51,87015.28
2025-06-23 07:30:00+00:00,2255.51,2258.75,2251.8,2257.86,24060.9
2025-06-23 08:00:00+00:00,2257.86,2273.61,2256.46,2261.8,38027.38
2025-06-23 08:30:00+00:00,2261.8,2262.36,2255.68,2261.02,18301.92
2025-06-23 09:00:00+00:00,2261.02,2261.1,2243.83,2244.59,40383.02
2025-06-23 09:30:00+00:00,2244.59,2253.22,2242.02,2250.7,22739.04
2025-06-23 10:00:00+00:00,2250.7,2252.01,2242.74,2243.53,18935.18
2025-06-23 10:30:00+00:00,2243.53,2248.25,2237.33,2245.89,36972.31
2025-06-23 11:00:00+00:00,2245.89,2249.73,2240.08,2244.23,19068.26
2025-06-23 11:30:00+00:00,2244.23,2256.84,2243.21,2251.91,48651.23
2025-06-23 12:00:00+00:00,2251.91,2253.69,2244.14,2246.1,15331.41
2025-06-23 12:30:00+00:00,2246.1,2266.24,2244.4,2265.33,48521.1
2025-06-23 13:00:00+00:00,2265.33,2265.51,2245.55,2247.15,43361.79
2025-06-23 13:30:00+00:00,2247.15,2301.75,2231.12,2293.68,285942.48
2025-06-23 14:00:00+00:00,2293.68,2312.62,2274.0,2278.99,178621.98
2025-06-23 14:30:00+00:00,2278.99,2288.23,2270.19,2272.84,75701.5
2025-06-23 15:00:00+00:00,2272.84,2287.22,2262.61,2264.51,73351.54
2025-06-23 15:30:00+00:00,2264.51,2274.4,2246.3,2247.34,84281.59
2025-06-23 16:00:00+00:00,2247.34,2250.87,2205.6,2209.45,166534.0
2025-06-23 16:30:00+00:00,2209.45,2235.95,2186.8,2220.83,267602.69
2025-06-23 17:00:00+00:00,2220.83,2283.53,2216.04,2274.07,263004.65
2025-06-23 17:30:00+00:00,2274.07,2286.79,2262.14,2273.9,145045.67
2025-06-23 18:00:00+00:00,2273.9,2304.12,2271.88,2283.13,168412.01
2025-06-23 18:30:00+00:00,2283.13,2311.77,2282.0,2304.43,114116.92
2025-06-23 19:00:00+00:00,2304.43,2312.01,2294.41,2299.51,42167.48
2025-06-23 19:30:00+00:00,2299.51,2324.99,2294.79,2311.56,88625.55
2025-06-23 20:00:00+00:00,2311.56,2379.68,2302.31,2359.95,209203.75
2025-06-23 20:30:00+00:00,2359.95,2366.37,2342.0,2346.09,94416.36
2025-06-23 21:00:00+00:00,2346.09,2362.93,2341.05,2343.29,59203.78
2025-06-23 21:30:00+00:00,2343.29,2347.79,2331.62,2340.02,36629.72
2025-06-23 22:00:00+00:00,2340.02,2438.72,2339.32,2424.68,314166.05
2025-06-23 22:30:00+00:00,2424.68,2430.7,2381.84,2405.37,259204.67
2025-06-23 23:00:00+00:00,2405.37,2428.35,2404.0,2418.69,94396.07
2025-06-23 23:30:00+00:00,2418.69,2428.0,2407.54,2410.11,57779.23
2025-06-24 00:00:00+00:00,2410.11,2416.38,2396.39,2402.11,61072.44
2025-06-24 00:30:00+00:00,2402.11,2407.9,2391.22,2401.55,68384.31
2025-06-24 01:00:00+00:00,2401.55,2416.18,2395.0,2409.28,33963.0
2025-06-24 01:30:00+00:00,2409.28,2413.96,2402.47,2412.5,23403.35
2025-06-24 02:00:00+00:00,2412.5,2412.5,2386.69,2396.92,82049.96
2025-06-24 02:30:00+00:00,2396.92,2398.92,2389.27,2390.82,27398.16
2025-06-24 03:00:00+00:00,2390.82,2409.72,2390.27,2401.6,36226.07
2025-06-24 03:30:00+00:00,2401.6,2404.69,2395.64,2397.61,22027.33
2025-06-24 04:00:00+00:00,2397.61,2401.29,2390.88,2395.89,20276.4
2025-06-24 04:30:00+00:00,2395.89,2405.43,2392.95,2402.36,34321.85
2025-06-24 05:00:00+00:00,2402.36,2413.39,2399.81,2411.51,22476.81
2025-06-24 05:30:00+00:00,2411.51,2423.57,2409.1,2418.6,45183.94
2025-06-24 06:00:00+00:00,2418.6,2421.59,2409.6,2420.54,37770.6
2025-06-24 06:30:00+00:00,2420.54,2433.86,2418.97,2424.22,57043.86
2025-06-24 07:00:00+00:00,2424.22,2427.7,2413.96,2414.49,36301.12
2025-06-24 07:30:00+00:00,2414.49,2415.48,2389.5,2391.91,106378.58
2025-06-24 08:00:00+00:00,2391.91,2407.71,2375.1,2401.63,202999.64
2025-06-24 08:30:00+00:00,2401.63,2413.59,2395.83,2402.71,55335.68
2025-06-24 09:00:00+00:00,2402.71,2448.8,2398.41,2430.52,98286.17
2025-06-24 09:30:00+00:00,2430.52,2434.0,2412.81,2414.99,59937.15
2025-06-24 10:00:00+00:00,2414.99,2423.43,2411.32,2413.79,29808.33
2025-06-24 10:30:00+00:00,2413.79,2418.97,2405.48,2413.07,42813.31
2025-06-24 11:00:00+00:00,2413.07,2417.75,2396.87,2417.16,68261.16
2025-06-24 11:30:00+00:00,2417.16,2420.38,2403.27,2408.48,60889.07
2025-06-24 12:00:00+00:00,2408.48,2415.99,2401.69,2407.06,31500.92
2025-06-24 12:30:00+00:00,2407.06,2417.9,2403.42,2413.19,23208.98
2025-06-24 13:00:00+00:00,2413.19,2427.23,2405.24,2412.67,55605.32
2025-06-24 13:30:00+00:00,2412.67,2431.41,2403.57,2420.7,109261.72
2025-06-24 14:00:00+00:00,2420.7,2440.0,2418.78,2430.36,86864.7
2025-06-24 14:30:00+00:00,2430.36,2437.8,2424.26,2430.15,67548.43
2025-06-24 15:00:00+00:00,2430.15,2447.28,2426.07,2435.4,65273.01
2025-06-24 15:30:00+00:00,2435.4,2453.47,2422.62,2437.09,67033.94
2025-06-24 16:00:00+00:00,2437.09,2450.0,2432.13,2444.83,35693.19
2025-06-24 16:30:00+00:00,2444.83,2481.86,2439.14,2478.03,145625.61
2025-06-24 17:00:00+00:00,2478.03,2480.67,2439.26,2446.87,161394.87
2025-06-24 17:30:00+00:00,2446.87,2464.09,2442.11,2456.0,59555.49
2025-06-24 18:00:00+00:00,2456.0,2461.73,2432.04,2443.09,50033.47
2025-06-24 18:30:00+00:00,2443.09,2447.37,2433.6,2433.65,26131.7
2025-06-24 19:00:00+00:00,2433.65,2440.0,2426.19,2429.51,39972.24
2025-06-24 19:30:00+00:00,2429.51,2438.0,2414.34,2432.5,55451.0
2025-06-24 20:00:00+00:00,2432.5,2442.75,2428.69,2440.48,28524.56
2025-06-24 20:30:00+00:00,2440.48,2449.18,2438.6,2447.71,33065.85
2025-06-24 21:00:00+00:00,2447.71,2448.28,2434.15,2439.3,20086.58
2025-06-24 21:30:00+00:00,2439.3,2445.09,2435.83,2443.65,11120.28
2025-06-24 22:00:00+00:00,2443.65,2443.65,2432.53,2438.57,13892.55
2025-06-24 22:30:00+00:00,2438.57,2442.05,2433.56,2440.19,9417.22
2025-06-24 23:00:00+00:00,2440.19,2441.23,2428.52,2435.81,14646.93
2025-06-24 23:30:00+00:00,2435.81,2448.05,2433.06,2447.28,20658.42
2025-06-25 00:00:00+00:00,2447.28,2456.77,2442.23,2448.08,30588.43
2025-06-25 00:30:00+00:00,2448.08,2461.27,2435.19,2457.09,38569.53
2025-06-25 01:00:00+00:00,2457.09,2461.57,2443.51,2448.58,23568.37
2025-06-25 01:30:00+00:00,2448.58,2464.72,2444.01,2459.6,19483.59
2025-06-25 02:00:00+00:00,2459.6,2468.15,2454.0,2454.08,30836.03
2025-06-25 02:30:00+00:00,2454.08,2458.99,2448.74,2450.16,12561.69
2025-06-25 03:00:00+00:00,2450.16,2459.38,2445.34,2454.61,14612.53
2025-06-25 03:30:00+00:00,2454.61,2457.35,2442.52,2443.0,15277.03
2025-06-25 04:00:00+00:00,2443.0,2446.56,2434.28,2443.4,24567.29
2025-06-25 04:30:00+00:00,2443.4,2443.48,2426.6,2434.36,29006.66
2025-06-25 05:00:00+00:00,2434.36,2438.49,2422.74,2428.66,25683.68
2025-06-25 05:30:00+00:00,2428.66,2434.9,2425.74,2427.89,18226.5
2025-06-25 06:00:00+00:00,2427.89,2442.31,2424.89,2439.92,25612.43
2025-06-25 06:30:00+00:00,2439.92,2444.34,2436.7,2443.51,13195.13
2025-06-25 07:00:00+00:00,2443.51,2449.41,2438.77,2447.4,15422.02
2025-06-25 07:30:00+00:00,2447.4,2449.59,2442.0,2443.44,18827.93
2025-06-25 08:00:00+00:00,2443.44,2445.18,2432.8,2433.26,31589.26
2025-06-25 08:30:00+00:00,2433.26,2438.62,2422.85,2438.57,34857.42
2025-06-25 09:00:00+00:00,2438.57,2447.33,2435.85,2439.84,30418.05
2025-06-25 09:30:00+00:00,2439.84,2443.25,2405.82,2419.2,110621.16
2025-06-25 10:00:00+00:00,2419.2,2430.58,2413.04,2430.0,45277.03
2025-06-25 10:30:00+00:00,2430.0,2430.0,2421.0,2425.09,38986.8
2025-06-25 11:00:00+00:00,2425.09,2427.53,2411.17,2419.1,31570.9
2025-06-25 11:30:00+00:00,2419.1,2429.22,2417.8,2427.75,28480.61
2025-06-25 12:00:00+00:00,2427.75,2428.24,2414.74,2416.8,28265.99
2025-06-25 12:30:00+00:00,2416.8,2428.41,2413.99,2427.71,40232.94
2025-06-25 13:00:00+00:00,2427.71,2445.88,2422.62,2439.53,71871.21
2025-06-25 13:30:00+00:00,2439.53,2444.65,2422.78,2433.47,66793.26
2025-06-25 14:00:00+00:00,2433.47,2440.32,2385.46,2403.39,191995.73
2025-06-25 14:30:00+00:00,2403.39,2442.68,2399.6,2431.02,116495.7
2025-06-25 15:00:00+00:00,2431.02,2431.5,2400.32,2411.92,84362.12
2025-06-25 15:30:00+00:00,2411.92,2414.6,2394.73,2404.37,71808.44
2025-06-25 16:00:00+00:00,2404.37,2418.88,2403.99,2417.38,37977.7
2025-06-25 16:30:00+00:00,2417.38,2419.6,2399.51,2409.64,28148.6
2025-06-25 17:00:00+00:00,2409.64,2430.45,2406.46,2422.51,50937.59
2025-06-25 17:30:00+00:00,2422.51,2425.07,2405.43,2421.75,56749.38
2025-06-25 18:00:00+00:00,2421.75,2423.3,2414.16,2414.47,29058.29
2025-06-25 18:30:00+00:00,2414.47,2419.9,2410.5,2417.22,17272.28
2025-06-25 19:00:00+00:00,2417.22,2438.8,2416.69,2434.51,62061.21
2025-06-25 19:30:00+00:00,2434.51,2435.26,2424.66,2431.41,36155.82
2025-06-25 20:00:00+00:00,2431.41,2434.7,2426.0,2427.69,20694.21
2025-06-25 20:30:00+00:00,2427.69,2441.4,2424.5,2437.6,30660.59
2025-06-25 21:00:00+00:00,2437.6,2453.76,2427.65,2429.2,71541.2
2025-06-25 21:30:00+00:00,2429.2,2436.47,2425.74,2429.38,25270.31
2025-06-25 22:00:00+00:00,2429.38,2429.87,2415.7,2417.41,22316.59
2025-06-25 22:30:00+00:00,2417.41,2418.15,2407.89,2414.71,38960.55
2025-06-25 23:00:00+00:00,2414.71,2417.0,2406.25,2413.63,21188.21
2025-06-25 23:30:00+00:00,2413.63,2418.15,2411.8,2417.17,7244.13
2025-06-26 00:00:00+00:00,2417.17,2426.76,2416.45,2419.71,16365.26
2025-06-26 00:30:00+00:00,2419.71,2427.25,2415.79,2425.23,11209.22
2025-06-26 01:00:00+00:00,2425.23,2442.72,2417.7,2440.09,31872.0
2025-06-26 01:30:00+00:00,2440.09,2473.9,2435.43,2457.92,126640.4
2025-06-26 02:00:00+00:00,2457.92,2473.64,2457.92,2467.37,46518.76
2025-06-26 02:30:00+00:00,2467.37,2502.95,2458.24,2492.1,87807.16
2025-06-26 03:00:00+00:00,2492.1,2520.0,2488.0,2490.57,129171.01
2025-06-26 03:30:00+00:00,2490.57,2493.37,2481.46,2487.75,29952.96
2025-06-26 04:00:00+00:00,2487.75,2490.49,2472.8,2474.76,30692.55
2025-06-26 04:30:00+00:00,2474.76,2485.53,2469.03,2479.3,28255.09
2025-06-26 05:00:00+00:00,2479.3,2482.7,2470.54,2473.61,15140.53
2025-06-26 05:30:00+00:00,2473.61,2476.25,2465.83,2474.59,21024.31
2025-06-26 06:00:00+00:00,2474.59,2485.68,2471.99,2478.78,22716.16
2025-06-26 06:30:00+00:00,2478.78,2488.73,2477.82,2486.09,17189.51
2025-06-26 07:00:00+00:00,2486.09,2496.99,2479.13,2492.23,45039.21
2025-06-26 07:30:00+00:00,2492.23,2499.34,2486.81,2488.57,33982.45
2025-06-26 08:00:00+00:00,2488.57,2500.0,2488.22,2488.71,24272.75
2025-06-26 08:30:00+00:00,2488.71,2493.76,2483.07,2485.72,24922.36
2025-06-26 09:00:00+00:00,2485.72,2487.95,2466.25,2470.61,56575.1
2025-06-26 09:30:00+00:00,2470.61,2473.8,2461.0,2462.15,34758.07
2025-06-26 10:00:00+00:00,2462.15,2465.79,2451.0,2458.32,44770.35
2025-06-26 10:30:00+00:00,2458.32,2461.13,2443.6,2449.75,38905.12
2025-06-26 11:00:00+00:00,2449.75,2452.95,2436.33,2445.99,40601.14
2025-06-26 11:30:00+00:00,2445.99,2451.6,2441.8,2449.0,28883.6
2025-06-26 12:00:00+00:00,2449.0,2453.68,2431.54,2442.31,81961.85
2025-06-26 12:30:00+00:00,2442.31,2452.38,2432.23,2439.13,70826.88
2025-06-26 13:00:00+00:00,2439.13,2443.67,2427.06,2438.62,42628.13
2025-06-26 13:30:00+00:00,2438.62,2445.96,2423.64,2432.62,55264.59
2025-06-26 14:00:00+00:00,2432.62,2437.27,2421.43,2434.8,47252.19
2025-06-26 14:30:00+00:00,2434.8,2459.94,2434.54,2445.6,95252.17
2025-06-26 15:00:00+00:00,2445.6,2448.21,2411.18,2416.13,104419.05
2025-06-26 15:30:00+00:00,2416.13,2436.31,2408.0,2432.33,165521.98
2025-06-26 16:00:00+00:00,2432.33,2436.37,2422.01,2428.7,35531.98
2025-06-26 16:30:00+00:00,2428.7,2429.27,2416.42,2426.66,24441.66
2025-06-26 17:00:00+00:00,2426.66,2435.0,2420.02,2425.6,31036.95
2025-06-26 17:30:00+00:00,2425.6,2429.64,2417.74,2419.51,28127.21
2025-06-26 18:00:00+00:00,2419.51,2438.34,2416.63,2424.65,43585.0
2025-06-26 18:30:00+00:00,2424.65,2427.73,2418.11,2424.47,18643.78
2025-06-26 19:00:00+00:00,2424.47,2434.01,2421.51,2428.78,20876.4
2025-06-26 19:30:00+00:00,2428.78,2442.79,2428.41,2434.86,25278.75
2025-06-26 20:00:00+00:00,2434.86,2444.19,2428.89,2442.99,36671.0
2025-06-26 20:30:00+00:00,2442.99,2456.88,2441.2,2444.86,52459.42
2025-06-26 21:00:00+00:00,2444.86,2444.91,2413.89,2425.39,115996.08
2025-06-26 21:30:00+00:00,2425.39,2429.29,2392.11,2412.45,89030.41
2025-06-26 22:00:00+00:00,2412.45,2422.96,2409.62,2418.35,31805.06
2025-06-26 22:30:00+00:00,2418.35,2420.03,2410.59,2412.0,12566.26
2025-06-26 23:00:00+00:00,2412.0,2416.45,2404.42,2413.99,21340.53
2025-06-26 23:30:00+00:00,2413.99,2415.96,2410.19,2414.5,8964.11
2025-06-27 00:00:00+00:00,2414.5,2420.24,2413.18,2418.04,14700.69
2025-06-27 00:30:00+00:00,2418.04,2418.7,2398.08,2399.09,30463.36
2025-06-27 01:00:00+00:00,2399.09,2426.9,2380.53,2421.11,101647.98
2025-06-27 01:30:00+00:00,2421.11,2431.08,2419.59,2425.0,21713.07
2025-06-27 02:00:00+00:00,2425.0,2433.0,2422.0,2430.17,17366.36
2025-06-27 02:30:00+00:00,2430.17,2438.92,2429.42,2436.84,16125.35
2025-06-27 03:00:00+00:00,2436.84,2443.78,2431.7,2440.28,27212.18
2025-06-27 03:30:00+00:00,2440.28,2447.55,2439.23,2445.69,15359.3
2025-06-27 04:00:00+00:00,2445.69,2450.17,2438.0,2447.85,27670.09
2025-06-27 04:30:00+00:00,2447.85,2452.0,2447.12,2448.53,18986.23
2025-06-27 05:00:00+00:00,2448.53,2452.56,2434.21,2435.76,34127.78
2025-06-27 05:30:00+00:00,2435.76,2439.9,2433.65,2438.26,19173.21
2025-06-27 06:00:00+00:00,2438.26,2446.54,2435.09,2440.01,19494.48
2025-06-27 06:30:00+00:00,2440.01,2449.49,2437.67,2447.26,19083.51
2025-06-27 07:00:00+00:00,2447.26,2458.98,2442.75,2444.44,32986.93
2025-06-27 07:30:00+00:00,2444.44,2444.48,2435.65,2440.79,30586.51
2025-06-27 08:00:00+00:00,2440.79,2443.79,2434.08,2436.68,25634.31
2025-06-27 08:30:00+00:00,2436.68,2462.33,2435.68,2447.19,57546.48
2025-06-27 09:00:00+00:00,2447.19,2453.1,2440.2,2446.94,23239.92
2025-06-27 09:30:00+00:00,2446.94,2462.25,2446.94,2459.48,32378.86
2025-06-27 10:00:00+00:00,2459.48,2460.56,2445.84,2450.24,25720.0
2025-06-27 10:30:00+00:00,2450.24,2452.45,2443.17,2444.53,16235.84
2025-06-27 11:00:00+00:00,2444.53,2453.73,2441.27,2442.33,26520.87
2025-06-27 11:30:00+00:00,2442.33,2446.47,2441.22,2446.09,18217.8
2025-06-27 12:00:00+00:00,2446.09,2455.64,2442.04,2451.38,21474.12
2025-06-27 12:30:00+00:00,2451.38,2451.78,2425.5,2428.57,80720.74
2025-06-27 13:00:00+00:00,2428.57,2435.55,2421.23,2424.6,39979.22
2025-06-27 13:30:00+00:00,2424.6,2434.78,2415.0,2426.76,72117.08
2025-06-27 14:00:00+00:00,2426.76,2437.1,2415.37,2419.27,66464.39
2025-06-27 14:30:00+00:00,2419.27,2426.7,2411.87,2421.71,55656.42
2025-06-27 15:00:00+00:00,2421.71,2430.34,2417.43,2429.43,16733.18
2025-06-27 15:30:00+00:00,2429.43,2441.98,2427.45,2437.19,47679.13
2025-06-27 16:00:00+00:00,2437.19,2439.58,2430.26,2434.65,22111.41
2025-06-27 16:30:00+00:00,2434.65,2448.82,2430.3,2432.01,46148.01
2025-06-27 17:00:00+00:00,2432.01,2432.5,2413.47,2415.3,41819.07
2025-06-27 17:30:00+00:00,2415.3,2418.44,2393.69,2403.27,111875.57
2025-06-27 18:00:00+00:00,2403.27,2408.54,2393.2,2395.99,53235.08
2025-06-27 18:30:00+00:00,2395.99,2399.79,2386.62,2393.74,59348.18
2025-06-27 19:00:00+00:00,2393.74,2410.86,2390.62,2405.54,90752.61
2025-06-27 19:30:00+00:00,2405.54,2416.81,2403.0,2411.87,46380.89
2025-06-27 20:00:00+00:00,2411.87,2424.0,2410.16,2421.69,32867.14
2025-06-27 20:30:00+00:00,2421.69,2426.94,2419.72,2425.66,23196.54
2025-06-27 21:00:00+00:00,2425.66,2428.04,2416.0,2426.92,54756.86
2025-06-27 21:30:00+00:00,2426.92,2429.69,2416.39,2418.34,22539.67
2025-06-27 22:00:00+00:00,2418.34,2423.2,2418.22,2420.22,7976.44
2025-06-27 22:30:00+00:00,2420.22,2424.12,2418.33,2421.12,10838.08
2025-06-27 23:00:00+00:00,2421.12,2423.46,2415.33,2415.67,7552.42
2025-06-27 23:30:00+00:00,2415.67,2423.25,2413.32,2422.11,8747.4
2025-06-28 00:00:00+00:00,2422.11,2422.9,2415.85,2419.51,5863.58
2025-06-28 00:30:00+00:00,2419.51,2422.23,2416.1,2417.13,6594.19
2025-06-28 01:00:00+00:00,2417.13,2418.74,2408.16,2411.17,15911.51
2025-06-28 01:30:00+00:00,2411.17,2417.61,2403.84,2416.79,18248.27
2025-06-28 02:00:00+00:00,2416.79,2420.76,2413.78,2420.22,9888.41
2025-06-28 02:30:00+00:00,2420.22,2421.88,2417.37,2417.55,12407.58
2025-06-28 03:00:00+00:00,2417.55,2421.42,2415.27,2419.59,6929.05
2025-06-28 03:30:00+00:00,2419.59,2421.61,2417.4,2419.69,6446.71
2025-06-28 04:00:00+00:00,2419.69,2421.85,2416.28,2420.1,10008.83
2025-06-28 04:30:00+00:00,2420.1,2420.28,2418.04,2420.02,2940.2
2025-06-28 05:00:00+00:00,2420.02,2427.75,2420.0,2423.01,15791.1
2025-06-28 05:30:00+00:00,2423.01,2425.0,2417.53,2421.22,9893.54
2025-06-28 06:00:00+00:00,2421.22,2425.88,2420.95,2425.01,8348.98
2025-06-28 06:30:00+00:00,2425.01,2426.49,2422.24,2426.36,7036.1
2025-06-28 07:00:00+00:00,2426.36,2426.87,2422.87,2426.01,7403.9
2025-06-28 07:30:00+00:00,2426.01,2433.56,2425.16,2430.81,15138.57
2025-06-28 08:00:00+00:00,2430.81,2431.43,2418.61,2423.0,26051.29
2025-06-28 08:30:00+00:00,2423.0,2424.87,2420.52,2423.59,8713.52
2025-06-28 09:00:00+00:00,2423.59,2423.96,2418.4,2422.76,6359.04
2025-06-28 09:30:00+00:00,2422.76,2427.85,2422.75,2425.77,7645.97
2025-06-28 10:00:00+00:00,2425.77,2429.0,2424.49,2428.47,6045.59
2025-06-28 10:30:00+00:00,2428.47,2429.45,2422.16,2425.25,12906.09
2025-06-28 11:00:00+00:00,2425.25,2428.01,2424.42,2427.0,8460.16
2025-06-28 11:30:00+00:00,2427.0,2427.75,2425.16,2426.37,3077.79
2025-06-28 12:00:00+00:00,2426.37,2426.99,2421.37,2422.9,6962.36
2025-06-28 12:30:00+00:00,2422.9,2427.21,2422.89,2425.3,5418.06
2025-06-28 13:00:00+00:00,2425.3,2428.85,2421.23,2423.13,10307.37
2025-06-28 13:30:00+00:00,2423.13,2423.23,2418.76,2421.88,10973.29
2025-06-28 14:00:00+00:00,2421.88,2426.91,2421.57,2425.47,8510.9
2025-06-28 14:30:00+00:00,2425.47,2426.59,2423.62,2424.8,4233.34
2025-06-28 15:00:00+00:00,2424.8,2426.51,2421.94,2423.81,5657.84
2025-06-28 15:30:00+00:00,2423.81,2442.15,2423.81,2435.13,29363.64
2025-06-28 16:00:00+00:00,2435.13,2442.85,2430.39,2435.72,34234.12
2025-06-28 16:30:00+00:00,2435.72,2439.7,2430.29,2433.85,10371.08
2025-06-28 17:00:00+00:00,2433.85,2438.49,2432.18,2435.36,12260.7
2025-06-28 17:30:00+00:00,2435.36,2446.96,2434.01,2442.99,23735.34
2025-06-28 18:00:00+00:00,2442.99,2443.84,2435.15,2436.94,14017.64
2025-06-28 18:30:00+00:00,2436.94,2438.99,2431.53,2436.16,13107.0
2025-06-28 19:00:00+00:00,2436.16,2439.08,2432.72,2435.5,8410.67
2025-06-28 19:30:00+00:00,2435.5,2435.89,2430.96,2432.41,12759.67
2025-06-28 20:00:00+00:00,2432.41,2433.94,2426.27,2430.55,22403.26
2025-06-28 20:30:00+00:00,2430.55,2433.29,2427.35,2428.58,7913.6
2025-06-28 21:00:00+00:00,2428.58,2431.3,2427.86,2430.34,6138.23
2025-06-28 21:30:00+00:00,2430.34,2437.62,2429.56,2435.7,13188.45
2025-06-28 22:00:00+00:00,2435.7,2439.91,2432.68,2437.18,15747.48
2025-06-28 22:30:00+00:00,2437.18,2440.12,2435.0,2439.0,14042.03
2025-06-28 23:00:00+00:00,2439.0,2441.24,2435.87,2436.89,15152.9
2025-06-28 23:30:00+00:00,2436.89,2436.9,2433.59,2434.79,5348.94
2025-06-29 00:00:00+00:00,2434.79,2439.45,2430.73,2436.8,17898.22
2025-06-29 00:30:00+00:00,2436.8,2441.96,2435.66,2437.6,17307.78
2025-06-29 01:00:00+00:00,2437.6,2438.06,2433.0,2433.16,12361.08
2025-06-29 01:30:00+00:00,2433.16,2434.62,2426.99,2428.68,17466.33
2025-06-29 02:00:00+00:00,2428.68,2429.66,2423.0,2427.87,14347.65
2025-06-29 02:30:00+00:00,2427.87,2432.5,2427.21,2431.0,5477.03
2025-06-29 03:00:00+00:00,2431.0,2432.0,2429.04,2430.49,2292.24
2025-06-29 03:30:00+00:00,2430.49,2431.02,2425.71,2426.8,7292.49
2025-06-29 04:00:00+00:00,2426.8,2430.45,2425.34,2427.79,4556.74
2025-06-29 04:30:00+00:00,2427.79,2429.9,2427.41,2428.91,2267.81
2025-06-29 05:00:00+00:00,2428.91,2430.03,2426.23,2428.01,5102.31
2025-06-29 05:30:00+00:00,2428.01,2433.84,2426.85,2432.55,9402.68
2025-06-29 06:00:00+00:00,2432.55,2434.4,2431.2,2432.04,6820.87
2025-06-29 06:30:00+00:00,2432.04,2436.64,2431.36,2435.77,4544.36
2025-06-29 07:00:00+00:00,2435.77,2439.3,2434.67,2437.63,8567.19
2025-06-29 07:30:00+00:00,2437.63,2439.63,2434.03,2439.63,7385.59
2025-06-29 08:00:00+00:00,2439.63,2442.97,2437.2,2438.84,16920.62
2025-06-29 08:30:00+00:00,2438.84,2446.58,2438.04,2442.6,19159.42
2025-06-29 09:00:00+00:00,2442.6,2449.4,2437.76,2447.57,18815.04
2025-06-29 09:30:00+00:00,2447.57,2457.43,2444.0,2446.93,58145.1
2025-06-29 10:00:00+00:00,2446.93,2458.9,2446.9,2453.37,32554.07
2025-06-29 10:30:00+00:00,2453.37,2457.51,2446.0,2455.49,23915.27
2025-06-29 11:00:00+00:00,2455.49,2456.78,2451.9,2453.87,11135.26
2025-06-29 11:30:00+00:00,2453.87,2463.47,2453.86,2461.05,27674.82
2025-06-29 12:00:00+00:00,2461.05,2462.53,2449.44,2452.3,37842.26
2025-06-29 12:30:00+00:00,2452.3,2455.53,2447.79,2453.54,21810.31
2025-06-29 13:00:00+00:00,2453.54,2455.53,2449.99,2451.47,9349.5
2025-06-29 13:30:00+00:00,2451.47,2451.81,2444.51,2445.72,16832.12
2025-06-29 14:00:00+00:00,2445.72,2450.86,2443.33,2445.26,18822.31
2025-06-29 14:30:00+00:00,2445.26,2445.7,2434.6,2439.0,43902.22
2025-06-29 15:00:00+00:00,2439.0,2442.28,2436.1,2439.39,12555.03
2025-06-29 15:30:00+00:00,2439.39,2443.74,2432.1,2435.68,30960.1
2025-06-29 16:00:00+00:00,2435.68,2439.61,2428.0,2431.86,35183.66
2025-06-29 16:30:00+00:00,2431.86,2436.0,2430.61,2432.86,6126.54
